scenario,receiver,alpha,eta,nu,latency,dead_time,jitter_deg,trials,errors,ber,helstrom_bound
01_Ideal_Baseline,Dolinar,0.1,1.0,0.0,0.0,0.0,0.0,100000000,40100152,0.40100152,0.4009917164479698
01_Ideal_Baseline,Opt_Kennedy,0.1,1.0,0.0,0.0,0.0,0.0,100000000,41480671,0.41480671,0.4009917164479698
01_Ideal_Baseline,Dolinar,0.1708333333333333,1.0,0.0,0.0,0.0,0.0,100000000,33409329,0.33409329,0.334033117602116
01_Ideal_Baseline,Opt_Kennedy,0.1708333333333333,1.0,0.0,0.0,0.0,0.0,100000000,35618650,0.3561865,0.334033117602116
01_Ideal_Baseline,Dolinar,0.2416666666666666,1.0,0.0,0.0,0.0,0.0,100000000,27195846,0.27195846,0.2717838894607052
01_Ideal_Baseline,Opt_Kennedy,0.2416666666666666,1.0,0.0,0.0,0.0,0.0,100000000,30058588,0.30058588,0.2717838894607052
01_Ideal_Baseline,Dolinar,0.3125,1.0,0.0,0.0,0.0,0.0,100000000,21576189,0.21576189,0.2156735354217483
01_Ideal_Baseline,Opt_Kennedy,0.3125,1.0,0.0,0.0,0.0,0.0,100000000,24859933,0.24859933,0.2156735354217483
01_Ideal_Baseline,Dolinar,0.3833333333333333,1.0,0.0,0.0,0.0,0.0,100000000,16679413,0.16679413,0.1666685181642737
01_Ideal_Baseline,Opt_Kennedy,0.3833333333333333,1.0,0.0,0.0,0.0,0.0,100000000,20122487,0.20122487,0.1666685181642737
01_Ideal_Baseline,Dolinar,0.4541666666666666,1.0,0.0,0.0,0.0,0.0,100000000,12542193,0.12542193,0.1252349270996688
01_Ideal_Baseline,Opt_Kennedy,0.4541666666666666,1.0,0.0,0.0,0.0,0.0,100000000,15912291,0.15912291,0.1252349270996688
01_Ideal_Baseline,Dolinar,0.525,1.0,0.0,0.0,0.0,0.0,100000000,9152617,0.09152617,0.09135588385022
01_Ideal_Baseline,Opt_Kennedy,0.525,1.0,0.0,0.0,0.0,0.0,100000000,12251884,0.12251884,0.09135588385022
01_Ideal_Baseline,Dolinar,0.5958333333333333,1.0,0.0,0.0,0.0,0.0,100000000,6473164,0.06473164,0.0645970922766597
01_Ideal_Baseline,Opt_Kennedy,0.5958333333333333,1.0,0.0,0.0,0.0,0.0,100000000,9166913,0.09166913,0.0645970922766597
01_Ideal_Baseline,Dolinar,0.6666666666666666,1.0,0.0,0.0,0.0,0.0,100000000,4429476,0.04429476,0.0442076447015774
01_Ideal_Baseline,Opt_Kennedy,0.6666666666666666,1.0,0.0,0.0,0.0,0.0,100000000,6637885,0.06637885,0.0442076447015774
01_Ideal_Baseline,Dolinar,0.7374999999999999,1.0,0.0,0.0,0.0,0.0,100000000,2934384,0.02934384,0.0292392249664353
01_Ideal_Baseline,Opt_Kennedy,0.7374999999999999,1.0,0.0,0.0,0.0,0.0,100000000,4641424,0.04641424,0.0292392249664353
01_Ideal_Baseline,Dolinar,0.8083333333333332,1.0,0.0,0.0,0.0,0.0,100000000,1872386,0.01872386,0.0186657817140447
01_Ideal_Baseline,Opt_Kennedy,0.8083333333333332,1.0,0.0,0.0,0.0,0.0,100000000,3118711,0.03118711,0.0186657817140447
01_Ideal_Baseline,Dolinar,0.8791666666666667,1.0,0.0,0.0,0.0,0.0,100000000,1154235,0.01154235,0.0114877244351074
01_Ideal_Baseline,Opt_Kennedy,0.8791666666666667,1.0,0.0,0.0,0.0,0.0,100000000,2010795,0.02010795,0.0114877244351074
01_Ideal_Baseline,Dolinar,0.95,1.0,0.0,0.0,0.0,0.0,100000000,683770,0.0068377,0.0068093286735723
01_Ideal_Baseline,Opt_Kennedy,0.95,1.0,0.0,0.0,0.0,0.0,100000000,1237972,0.01237972,0.0068093286735723
01_Ideal_Baseline,Dolinar,1.0208333333333333,1.0,0.0,0.0,0.0,0.0,100000000,389956,0.00389956,0.0038843281395801
01_Ideal_Baseline,Opt_Kennedy,1.0208333333333333,1.0,0.0,0.0,0.0,0.0,100000000,728761,0.00728761,0.0038843281395801
01_Ideal_Baseline,Dolinar,1.0916666666666668,1.0,0.0,0.0,0.0,0.0,100000000,214216,0.00214216,0.002131124707823
01_Ideal_Baseline,Opt_Kennedy,1.0916666666666668,1.0,0.0,0.0,0.0,0.0,100000000,408265,0.00408265,0.002131124707823
01_Ideal_Baseline,Dolinar,1.1625,1.0,0.0,0.0,0.0,0.0,100000000,113224,0.00113224,0.001124075168671
01_Ideal_Baseline,Opt_Kennedy,1.1625,1.0,0.0,0.0,0.0,0.0,100000000,219151,0.00219151,0.001124075168671
01_Ideal_Baseline,Dolinar,1.2333333333333334,1.0,0.0,0.0,0.0,0.0,100000000,57355,0.00057355,0.0005698320948016
01_Ideal_Baseline,Opt_Kennedy,1.2333333333333334,1.0,0.0,0.0,0.0,0.0,100000000,111306,0.00111306,0.0005698320948016
01_Ideal_Baseline,Dolinar,1.3041666666666667,1.0,0.0,0.0,0.0,0.0,100000000,27775,0.00027775,0.0002775749626994
01_Ideal_Baseline,Opt_Kennedy,1.3041666666666667,1.0,0.0,0.0,0.0,0.0,100000000,54939,0.00054939,0.0002775749626994
01_Ideal_Baseline,Dolinar,1.375,1.0,0.0,0.0,0.0,0.0,100000000,12917,0.00012917,0.000129910547289
01_Ideal_Baseline,Opt_Kennedy,1.375,1.0,0.0,0.0,0.0,0.0,100000000,25918,0.00025918,0.000129910547289
01_Ideal_Baseline,Dolinar,1.4458333333333333,1.0,0.0,0.0,0.0,0.0,100000000,5813,5.813e-05,5.84130019065654e-05
01_Ideal_Baseline,Opt_Kennedy,1.4458333333333333,1.0,0.0,0.0,0.0,0.0,100000000,11668,0.00011668,5.84130019065654e-05
01_Ideal_Baseline,Dolinar,1.5166666666666666,1.0,0.0,0.0,0.0,0.0,100000000,2524,2.524e-05,2.5232436221322985e-05
01_Ideal_Baseline,Opt_Kennedy,1.5166666666666666,1.0,0.0,0.0,0.0,0.0,100000000,4996,4.996e-05,2.5232436221322985e-05
01_Ideal_Baseline,Dolinar,1.5875,1.0,0.0,0.0,0.0,0.0,100000000,1046,1.046e-05,1.0470917661709043e-05
01_Ideal_Baseline,Opt_Kennedy,1.5875,1.0,0.0,0.0,0.0,0.0,100000000,2100,2.1e-05,1.0470917661709043e-05
01_Ideal_Baseline,Dolinar,1.6583333333333334,1.0,0.0,0.0,0.0,0.0,100000000,362,3.62e-06,4.174282942914775e-06
01_Ideal_Baseline,Opt_Kennedy,1.6583333333333334,1.0,0.0,0.0,0.0,0.0,100000000,861,8.61e-06,4.174282942914775e-06
02_Phase_Jitter_2deg,Dolinar,0.1,1.0,0.0,0.0,0.0,2.0,100000000,40116827,0.40116827,0.4009917164479698
02_Phase_Jitter_2deg,Opt_Kennedy,0.1,1.0,0.0,0.0,0.0,2.0,100000000,41482895,0.41482895,0.4009917164479698
02_Phase_Jitter_2deg,Dolinar,0.1708333333333333,1.0,0.0,0.0,0.0,2.0,100000000,33423674,0.33423674,0.334033117602116
02_Phase_Jitter_2deg,Opt_Kennedy,0.1708333333333333,1.0,0.0,0.0,0.0,2.0,100000000,35637815,0.35637815,0.334033117602116
02_Phase_Jitter_2deg,Dolinar,0.2416666666666666,1.0,0.0,0.0,0.0,2.0,100000000,27220269,0.27220269,0.2717838894607052
02_Phase_Jitter_2deg,Opt_Kennedy,0.2416666666666666,1.0,0.0,0.0,0.0,2.0,100000000,30070772,0.30070772,0.2717838894607052
02_Phase_Jitter_2deg,Dolinar,0.3125,1.0,0.0,0.0,0.0,2.0,100000000,21595524,0.21595524,0.2156735354217483
02_Phase_Jitter_2deg,Opt_Kennedy,0.3125,1.0,0.0,0.0,0.0,2.0,100000000,24882318,0.24882318,0.2156735354217483
02_Phase_Jitter_2deg,Dolinar,0.3833333333333333,1.0,0.0,0.0,0.0,2.0,100000000,16705879,0.16705879,0.1666685181642737
02_Phase_Jitter_2deg,Opt_Kennedy,0.3833333333333333,1.0,0.0,0.0,0.0,2.0,100000000,20140261,0.20140261,0.1666685181642737
02_Phase_Jitter_2deg,Dolinar,0.4541666666666666,1.0,0.0,0.0,0.0,2.0,100000000,12571442,0.12571442,0.1252349270996688
02_Phase_Jitter_2deg,Opt_Kennedy,0.4541666666666666,1.0,0.0,0.0,0.0,2.0,100000000,15935634,0.15935634,0.1252349270996688
02_Phase_Jitter_2deg,Dolinar,0.525,1.0,0.0,0.0,0.0,2.0,100000000,9188394,0.09188394,0.09135588385022
02_Phase_Jitter_2deg,Opt_Kennedy,0.525,1.0,0.0,0.0,0.0,2.0,100000000,12288121,0.12288121,0.09135588385022
02_Phase_Jitter_2deg,Dolinar,0.5958333333333333,1.0,0.0,0.0,0.0,2.0,100000000,6517499,0.06517499,0.0645970922766597
02_Phase_Jitter_2deg,Opt_Kennedy,0.5958333333333333,1.0,0.0,0.0,0.0,2.0,100000000,9196269,0.09196269,0.0645970922766597
02_Phase_Jitter_2deg,Dolinar,0.6666666666666666,1.0,0.0,0.0,0.0,2.0,100000000,4473905,0.04473905,0.0442076447015774
02_Phase_Jitter_2deg,Opt_Kennedy,0.6666666666666666,1.0,0.0,0.0,0.0,2.0,100000000,6676085,0.06676085,0.0442076447015774
02_Phase_Jitter_2deg,Dolinar,0.7374999999999999,1.0,0.0,0.0,0.0,2.0,100000000,2982107,0.02982107,0.0292392249664353
02_Phase_Jitter_2deg,Opt_Kennedy,0.7374999999999999,1.0,0.0,0.0,0.0,2.0,100000000,4682047,0.04682047,0.0292392249664353
02_Phase_Jitter_2deg,Dolinar,0.8083333333333332,1.0,0.0,0.0,0.0,2.0,100000000,1923193,0.01923193,0.0186657817140447
02_Phase_Jitter_2deg,Opt_Kennedy,0.8083333333333332,1.0,0.0,0.0,0.0,2.0,100000000,3165081,0.03165081,0.0186657817140447
02_Phase_Jitter_2deg,Dolinar,0.8791666666666667,1.0,0.0,0.0,0.0,2.0,100000000,1209139,0.01209139,0.0114877244351074
02_Phase_Jitter_2deg,Opt_Kennedy,0.8791666666666667,1.0,0.0,0.0,0.0,2.0,100000000,2061770,0.0206177,0.0114877244351074
02_Phase_Jitter_2deg,Dolinar,0.95,1.0,0.0,0.0,0.0,2.0,100000000,740186,0.00740186,0.0068093286735723
02_Phase_Jitter_2deg,Opt_Kennedy,0.95,1.0,0.0,0.0,0.0,2.0,100000000,1298254,0.01298254,0.0068093286735723
02_Phase_Jitter_2deg,Dolinar,1.0208333333333333,1.0,0.0,0.0,0.0,2.0,100000000,448253,0.00448253,0.0038843281395801
02_Phase_Jitter_2deg,Opt_Kennedy,1.0208333333333333,1.0,0.0,0.0,0.0,2.0,100000000,795947,0.00795947,0.0038843281395801
02_Phase_Jitter_2deg,Dolinar,1.0916666666666668,1.0,0.0,0.0,0.0,2.0,100000000,273665,0.00273665,0.002131124707823
02_Phase_Jitter_2deg,Opt_Kennedy,1.0916666666666668,1.0,0.0,0.0,0.0,2.0,100000000,483237,0.00483237,0.002131124707823
02_Phase_Jitter_2deg,Dolinar,1.1625,1.0,0.0,0.0,0.0,2.0,100000000,173002,0.00173002,0.001124075168671
02_Phase_Jitter_2deg,Opt_Kennedy,1.1625,1.0,0.0,0.0,0.0,2.0,100000000,303554,0.00303554,0.001124075168671
02_Phase_Jitter_2deg,Dolinar,1.2333333333333334,1.0,0.0,0.0,0.0,2.0,100000000,117699,0.00117699,0.0005698320948016
02_Phase_Jitter_2deg,Opt_Kennedy,1.2333333333333334,1.0,0.0,0.0,0.0,2.0,100000000,205499,0.00205499,0.0005698320948016
02_Phase_Jitter_2deg,Dolinar,1.3041666666666667,1.0,0.0,0.0,0.0,2.0,100000000,88299,0.00088299,0.0002775749626994
02_Phase_Jitter_2deg,Opt_Kennedy,1.3041666666666667,1.0,0.0,0.0,0.0,2.0,100000000,158333,0.00158333,0.0002775749626994
02_Phase_Jitter_2deg,Dolinar,1.375,1.0,0.0,0.0,0.0,2.0,100000000,73901,0.00073901,0.000129910547289
02_Phase_Jitter_2deg,Opt_Kennedy,1.375,1.0,0.0,0.0,0.0,2.0,100000000,140664,0.00140664,0.000129910547289
02_Phase_Jitter_2deg,Dolinar,1.4458333333333333,1.0,0.0,0.0,0.0,2.0,100000000,66653,0.00066653,5.84130019065654e-05
02_Phase_Jitter_2deg,Opt_Kennedy,1.4458333333333333,1.0,0.0,0.0,0.0,2.0,100000000,139043,0.00139043,5.84130019065654e-05
02_Phase_Jitter_2deg,Dolinar,1.5166666666666666,1.0,0.0,0.0,0.0,2.0,100000000,63473,0.00063473,2.5232436221322985e-05
02_Phase_Jitter_2deg,Opt_Kennedy,1.5166666666666666,1.0,0.0,0.0,0.0,2.0,100000000,145464,0.00145464,2.5232436221322985e-05
02_Phase_Jitter_2deg,Dolinar,1.5875,1.0,0.0,0.0,0.0,2.0,100000000,62377,0.00062377,1.0470917661709043e-05
02_Phase_Jitter_2deg,Opt_Kennedy,1.5875,1.0,0.0,0.0,0.0,2.0,100000000,154927,0.00154927,1.0470917661709043e-05
02_Phase_Jitter_2deg,Dolinar,1.6583333333333334,1.0,0.0,0.0,0.0,2.0,100000000,61292,0.00061292,4.174282942914775e-06
02_Phase_Jitter_2deg,Opt_Kennedy,1.6583333333333334,1.0,0.0,0.0,0.0,2.0,100000000,168065,0.00168065,4.174282942914775e-06
02_Phase_Jitter_2deg,Dolinar,1.7291666666666667,1.0,0.0,0.0,0.0,2.0,100000000,61221,0.00061221,1.5986321398875347e-06
02_Phase_Jitter_2deg,Opt_Kennedy,1.7291666666666667,1.0,0.0,0.0,0.0,2.0,100000000,181560,0.0018156,1.5986321398875347e-06
02_Phase_Jitter_2deg,Dolinar,1.8,1.0,0.0,0.0,0.0,2.0,100000000,61442,0.00061442,5.88144145885483e-07
02_Phase_Jitter_2deg,Opt_Kennedy,1.8,1.0,0.0,0.0,0.0,2.0,100000000,196146,0.00196146,5.88144145885483e-07
03_Phase_Jitter_5deg,Dolinar,0.1,1.0,0.0,0.0,0.0,5.0,100000000,40142423,0.40142423,0.4009917164479698
03_Phase_Jitter_5deg,Opt_Kennedy,0.1,1.0,0.0,0.0,0.0,5.0,100000000,41507889,0.41507889,0.4009917164479698
03_Phase_Jitter_5deg,Dolinar,0.1708333333333333,1.0,0.0,0.0,0.0,5.0,100000000,33483442,0.33483442,0.334033117602116
03_Phase_Jitter_5deg,Opt_Kennedy,0.1708333333333333,1.0,0.0,0.0,0.0,5.0,100000000,35685554,0.35685554,0.334033117602116
03_Phase_Jitter_5deg,Dolinar,0.2416666666666666,1.0,0.0,0.0,0.0,5.0,100000000,27286632,0.27286632,0.2717838894607052
03_Phase_Jitter_5deg,Opt_Kennedy,0.2416666666666666,1.0,0.0,0.0,0.0,5.0,100000000,30136664,0.30136664,0.2717838894607052
03_Phase_Jitter_5deg,Dolinar,0.3125,1.0,0.0,0.0,0.0,5.0,100000000,21708602,0.21708602,0.2156735354217483
03_Phase_Jitter_5deg,Opt_Kennedy,0.3125,1.0,0.0,0.0,0.0,5.0,100000000,24960922,0.24960922,0.2156735354217483
03_Phase_Jitter_5deg,Dolinar,0.3833333333333333,1.0,0.0,0.0,0.0,5.0,100000000,16846379,0.16846379,0.1666685181642737
03_Phase_Jitter_5deg,Opt_Kennedy,0.3833333333333333,1.0,0.0,0.0,0.0,5.0,100000000,20254855,0.20254855,0.1666685181642737
03_Phase_Jitter_5deg,Dolinar,0.4541666666666666,1.0,0.0,0.0,0.0,5.0,100000000,12727421,0.12727421,0.1252349270996688
03_Phase_Jitter_5deg,Opt_Kennedy,0.4541666666666666,1.0,0.0,0.0,0.0,5.0,100000000,16062450,0.1606245,0.1252349270996688
03_Phase_Jitter_5deg,Dolinar,0.525,1.0,0.0,0.0,0.0,5.0,100000000,9372320,0.0937232,0.09135588385022
03_Phase_Jitter_5deg,Opt_Kennedy,0.525,1.0,0.0,0.0,0.0,5.0,100000000,12424787,0.12424787,0.09135588385022
03_Phase_Jitter_5deg,Dolinar,0.5958333333333333,1.0,0.0,0.0,0.0,5.0,100000000,6724172,0.06724172,0.0645970922766597
03_Phase_Jitter_5deg,Opt_Kennedy,0.5958333333333333,1.0,0.0,0.0,0.0,5.0,100000000,9363268,0.09363268,0.0645970922766597
03_Phase_Jitter_5deg,Dolinar,0.6666666666666666,1.0,0.0,0.0,0.0,5.0,100000000,4711968,0.04711968,0.0442076447015774
03_Phase_Jitter_5deg,Opt_Kennedy,0.6666666666666666,1.0,0.0,0.0,0.0,5.0,100000000,6862352,0.06862352,0.0442076447015774
03_Phase_Jitter_5deg,Dolinar,0.7374999999999999,1.0,0.0,0.0,0.0,5.0,100000000,3238056,0.03238056,0.0292392249664353
03_Phase_Jitter_5deg,Opt_Kennedy,0.7374999999999999,1.0,0.0,0.0,0.0,5.0,100000000,4893892,0.04893892,0.0292392249664353
03_Phase_Jitter_5deg,Dolinar,0.8083333333333332,1.0,0.0,0.0,0.0,5.0,100000000,2196710,0.0219671,0.0186657817140447
03_Phase_Jitter_5deg,Opt_Kennedy,0.8083333333333332,1.0,0.0,0.0,0.0,5.0,100000000,3408245,0.03408245,0.0186657817140447
03_Phase_Jitter_5deg,Dolinar,0.8791666666666667,1.0,0.0,0.0,0.0,5.0,100000000,1491199,0.01491199,0.0114877244351074
03_Phase_Jitter_5deg,Opt_Kennedy,0.8791666666666667,1.0,0.0,0.0,0.0,5.0,100000000,2334962,0.02334962,0.0114877244351074
03_Phase_Jitter_5deg,Dolinar,0.95,1.0,0.0,0.0,0.0,5.0,100000000,1033928,0.01033928,0.0068093286735723
03_Phase_Jitter_5deg,Opt_Kennedy,0.95,1.0,0.0,0.0,0.0,5.0,100000000,1601315,0.01601315,0.0068093286735723
03_Phase_Jitter_5deg,Dolinar,1.0208333333333333,1.0,0.0,0.0,0.0,5.0,100000000,748663,0.00748663,0.0038843281395801
03_Phase_Jitter_5deg,Opt_Kennedy,1.0208333333333333,1.0,0.0,0.0,0.0,5.0,100000000,1135083,0.01135083,0.0038843281395801
03_Phase_Jitter_5deg,Dolinar,1.0916666666666668,1.0,0.0,0.0,0.0,5.0,100000000,578593,0.00578593,0.002131124707823
03_Phase_Jitter_5deg,Opt_Kennedy,1.0916666666666668,1.0,0.0,0.0,0.0,5.0,100000000,866256,0.00866256,0.002131124707823
03_Phase_Jitter_5deg,Dolinar,1.1625,1.0,0.0,0.0,0.0,5.0,100000000,481267,0.00481267,0.001124075168671
03_Phase_Jitter_5deg,Opt_Kennedy,1.1625,1.0,0.0,0.0,0.0,5.0,100000000,732689,0.00732689,0.001124075168671
03_Phase_Jitter_5deg,Dolinar,1.2333333333333334,1.0,0.0,0.0,0.0,5.0,100000000,427869,0.00427869,0.0005698320948016
03_Phase_Jitter_5deg,Opt_Kennedy,1.2333333333333334,1.0,0.0,0.0,0.0,5.0,100000000,684929,0.00684929,0.0005698320948016
03_Phase_Jitter_5deg,Dolinar,1.3041666666666667,1.0,0.0,0.0,0.0,5.0,100000000,399746,0.00399746,0.0002775749626994
03_Phase_Jitter_5deg,Opt_Kennedy,1.3041666666666667,1.0,0.0,0.0,0.0,5.0,100000000,690826,0.00690826,0.0002775749626994
03_Phase_Jitter_5deg,Dolinar,1.375,1.0,0.0,0.0,0.0,5.0,100000000,385964,0.00385964,0.000129910547289
03_Phase_Jitter_5deg,Opt_Kennedy,1.375,1.0,0.0,0.0,0.0,5.0,100000000,728830,0.0072883,0.000129910547289
03_Phase_Jitter_5deg,Dolinar,1.4458333333333333,1.0,0.0,0.0,0.0,5.0,100000000,380038,0.00380038,5.84130019065654e-05
03_Phase_Jitter_5deg,Opt_Kennedy,1.4458333333333333,1.0,0.0,0.0,0.0,5.0,100000000,788367,0.00788367,5.84130019065654e-05
03_Phase_Jitter_5deg,Dolinar,1.5166666666666666,1.0,0.0,0.0,0.0,5.0,100000000,375343,0.00375343,2.5232436221322985e-05
03_Phase_Jitter_5deg,Opt_Kennedy,1.5166666666666666,1.0,0.0,0.0,0.0,5.0,100000000,857755,0.00857755,2.5232436221322985e-05
03_Phase_Jitter_5deg,Dolinar,1.5875,1.0,0.0,0.0,0.0,5.0,100000000,374896,0.00374896,1.0470917661709043e-05
03_Phase_Jitter_5deg,Opt_Kennedy,1.5875,1.0,0.0,0.0,0.0,5.0,100000000,933403,0.00933403,1.0470917661709043e-05
03_Phase_Jitter_5deg,Dolinar,1.6583333333333334,1.0,0.0,0.0,0.0,5.0,100000000,374107,0.00374107,4.174282942914775e-06
03_Phase_Jitter_5deg,Opt_Kennedy,1.6583333333333334,1.0,0.0,0.0,0.0,5.0,100000000,1013090,0.0101309,4.174282942914775e-06
03_Phase_Jitter_5deg,Dolinar,1.7291666666666667,1.0,0.0,0.0,0.0,5.0,100000000,373622,0.00373622,1.5986321398875347e-06
03_Phase_Jitter_5deg,Opt_Kennedy,1.7291666666666667,1.0,0.0,0.0,0.0,5.0,100000000,1096976,0.01096976,1.5986321398875347e-06
03_Phase_Jitter_5deg,Dolinar,1.8,1.0,0.0,0.0,0.0,5.0,100000000,373754,0.00373754,5.88144145885483e-07
03_Phase_Jitter_5deg,Opt_Kennedy,1.8,1.0,0.0,0.0,0.0,5.0,100000000,1186342,0.01186342,5.88144145885483e-07
04_Phase_Jitter_8deg,Dolinar,0.1,1.0,0.0,0.0,0.0,8.0,100000000,40204598,0.40204598,0.4009917164479698
04_Phase_Jitter_8deg,Opt_Kennedy,0.1,1.0,0.0,0.0,0.0,8.0,100000000,41570549,0.41570549,0.4009917164479698
04_Phase_Jitter_8deg,Dolinar,0.1708333333333333,1.0,0.0,0.0,0.0,8.0,100000000,33579437,0.33579437,0.334033117602116
04_Phase_Jitter_8deg,Opt_Kennedy,0.1708333333333333,1.0,0.0,0.0,0.0,8.0,100000000,35765326,0.35765326,0.334033117602116
04_Phase_Jitter_8deg,Dolinar,0.2416666666666666,1.0,0.0,0.0,0.0,8.0,100000000,27440511,0.27440511,0.2717838894607052
04_Phase_Jitter_8deg,Opt_Kennedy,0.2416666666666666,1.0,0.0,0.0,0.0,8.0,100000000,30263488,0.30263488,0.2717838894607052
04_Phase_Jitter_8deg,Dolinar,0.3125,1.0,0.0,0.0,0.0,8.0,100000000,21900408,0.21900408,0.2156735354217483
04_Phase_Jitter_8deg,Opt_Kennedy,0.3125,1.0,0.0,0.0,0.0,8.0,100000000,25122349,0.25122349,0.2156735354217483
04_Phase_Jitter_8deg,Dolinar,0.3833333333333333,1.0,0.0,0.0,0.0,8.0,100000000,17097436,0.17097436,0.1666685181642737
04_Phase_Jitter_8deg,Opt_Kennedy,0.3833333333333333,1.0,0.0,0.0,0.0,8.0,100000000,20447569,0.20447569,0.1666685181642737
04_Phase_Jitter_8deg,Dolinar,0.4541666666666666,1.0,0.0,0.0,0.0,8.0,100000000,13030798,0.13030798,0.1252349270996688
04_Phase_Jitter_8deg,Opt_Kennedy,0.4541666666666666,1.0,0.0,0.0,0.0,8.0,100000000,16296714,0.16296714,0.1252349270996688
04_Phase_Jitter_8deg,Dolinar,0.525,1.0,0.0,0.0,0.0,8.0,100000000,9718086,0.09718086,0.09135588385022
04_Phase_Jitter_8deg,Opt_Kennedy,0.525,1.0,0.0,0.0,0.0,8.0,100000000,12695992,0.12695992,0.09135588385022
04_Phase_Jitter_8deg,Dolinar,0.5958333333333333,1.0,0.0,0.0,0.0,8.0,100000000,7112742,0.07112742,0.0645970922766597
04_Phase_Jitter_8deg,Opt_Kennedy,0.5958333333333333,1.0,0.0,0.0,0.0,8.0,100000000,9673418,0.09673418,0.0645970922766597
04_Phase_Jitter_8deg,Dolinar,0.6666666666666666,1.0,0.0,0.0,0.0,8.0,100000000,5136634,0.05136634,0.0442076447015774
04_Phase_Jitter_8deg,Opt_Kennedy,0.6666666666666666,1.0,0.0,0.0,0.0,8.0,100000000,7212034,0.07212034,0.0442076447015774
04_Phase_Jitter_8deg,Dolinar,0.7374999999999999,1.0,0.0,0.0,0.0,8.0,100000000,3692737,0.03692737,0.0292392249664353
04_Phase_Jitter_8deg,Opt_Kennedy,0.7374999999999999,1.0,0.0,0.0,0.0,8.0,100000000,5283770,0.0528377,0.0292392249664353
04_Phase_Jitter_8deg,Dolinar,0.8083333333333332,1.0,0.0,0.0,0.0,8.0,100000000,2682227,0.02682227,0.0186657817140447
04_Phase_Jitter_8deg,Opt_Kennedy,0.8083333333333332,1.0,0.0,0.0,0.0,8.0,100000000,3843276,0.03843276,0.0186657817140447
04_Phase_Jitter_8deg,Dolinar,0.8791666666666667,1.0,0.0,0.0,0.0,8.0,100000000,1998614,0.01998614,0.0114877244351074
04_Phase_Jitter_8deg,Opt_Kennedy,0.8791666666666667,1.0,0.0,0.0,0.0,8.0,100000000,2820211,0.02820211,0.0114877244351074
04_Phase_Jitter_8deg,Dolinar,0.95,1.0,0.0,0.0,0.0,8.0,100000000,1555723,0.01555723,0.0068093286735723
04_Phase_Jitter_8deg,Opt_Kennedy,0.95,1.0,0.0,0.0,0.0,8.0,100000000,2152495,0.02152495,0.0068093286735723
04_Phase_Jitter_8deg,Dolinar,1.0208333333333333,1.0,0.0,0.0,0.0,8.0,100000000,1278103,0.01278103,0.0038843281395801
04_Phase_Jitter_8deg,Opt_Kennedy,1.0208333333333333,1.0,0.0,0.0,0.0,8.0,100000000,1751311,0.01751311,0.0038843281395801
04_Phase_Jitter_8deg,Dolinar,1.0916666666666668,1.0,0.0,0.0,0.0,8.0,100000000,1114825,0.01114825,0.002131124707823
04_Phase_Jitter_8deg,Opt_Kennedy,1.0916666666666668,1.0,0.0,0.0,0.0,8.0,100000000,1551994,0.01551994,0.002131124707823
04_Phase_Jitter_8deg,Dolinar,1.1625,1.0,0.0,0.0,0.0,8.0,100000000,1024421,0.01024421,0.001124075168671
04_Phase_Jitter_8deg,Opt_Kennedy,1.1625,1.0,0.0,0.0,0.0,8.0,100000000,1497490,0.0149749,0.001124075168671
04_Phase_Jitter_8deg,Dolinar,1.2333333333333334,1.0,0.0,0.0,0.0,8.0,100000000,973236,0.00973236,0.0005698320948016
04_Phase_Jitter_8deg,Opt_Kennedy,1.2333333333333334,1.0,0.0,0.0,0.0,8.0,100000000,1534896,0.01534896,0.0005698320948016
04_Phase_Jitter_8deg,Dolinar,1.3041666666666667,1.0,0.0,0.0,0.0,8.0,100000000,946885,0.00946885,0.0002775749626994
04_Phase_Jitter_8deg,Opt_Kennedy,1.3041666666666667,1.0,0.0,0.0,0.0,8.0,100000000,1633196,0.01633196,0.0002775749626994
04_Phase_Jitter_8deg,Dolinar,1.375,1.0,0.0,0.0,0.0,8.0,100000000,933433,0.00933433,0.000129910547289
04_Phase_Jitter_8deg,Opt_Kennedy,1.375,1.0,0.0,0.0,0.0,8.0,100000000,1769146,0.01769146,0.000129910547289
04_Phase_Jitter_8deg,Dolinar,1.4458333333333333,1.0,0.0,0.0,0.0,8.0,100000000,928601,0.00928601,5.84130019065654e-05
04_Phase_Jitter_8deg,Opt_Kennedy,1.4458333333333333,1.0,0.0,0.0,0.0,8.0,100000000,1926952,0.01926952,5.84130019065654e-05
04_Phase_Jitter_8deg,Dolinar,1.5166666666666666,1.0,0.0,0.0,0.0,8.0,100000000,925083,0.00925083,2.5232436221322985e-05
04_Phase_Jitter_8deg,Opt_Kennedy,1.5166666666666666,1.0,0.0,0.0,0.0,8.0,100000000,2099955,0.02099955,2.5232436221322985e-05
04_Phase_Jitter_8deg,Dolinar,1.5875,1.0,0.0,0.0,0.0,8.0,100000000,924426,0.00924426,1.0470917661709043e-05
04_Phase_Jitter_8deg,Opt_Kennedy,1.5875,1.0,0.0,0.0,0.0,8.0,100000000,2280298,0.02280298,1.0470917661709043e-05
04_Phase_Jitter_8deg,Dolinar,1.6583333333333334,1.0,0.0,0.0,0.0,8.0,100000000,922195,0.00922195,4.174282942914775e-06
04_Phase_Jitter_8deg,Opt_Kennedy,1.6583333333333334,1.0,0.0,0.0,0.0,8.0,100000000,2472273,0.02472273,4.174282942914775e-06
05_Phase_Jitter_12deg,Dolinar,0.1,1.0,0.0,0.0,0.0,12.0,100000000,40318701,0.40318701,0.4009917164479698
05_Phase_Jitter_12deg,Opt_Kennedy,0.1,1.0,0.0,0.0,0.0,12.0,100000000,41656298,0.41656298,0.4009917164479698
05_Phase_Jitter_12deg,Dolinar,0.1708333333333333,1.0,0.0,0.0,0.0,12.0,100000000,33800239,0.33800239,0.334033117602116
05_Phase_Jitter_12deg,Opt_Kennedy,0.1708333333333333,1.0,0.0,0.0,0.0,12.0,100000000,35948763,0.35948763,0.334033117602116
05_Phase_Jitter_12deg,Dolinar,0.2416666666666666,1.0,0.0,0.0,0.0,12.0,100000000,27738844,0.27738844,0.2717838894607052
05_Phase_Jitter_12deg,Opt_Kennedy,0.2416666666666666,1.0,0.0,0.0,0.0,12.0,100000000,30504336,0.30504336,0.2717838894607052
05_Phase_Jitter_12deg,Dolinar,0.3125,1.0,0.0,0.0,0.0,12.0,100000000,22301811,0.22301811,0.2156735354217483
05_Phase_Jitter_12deg,Opt_Kennedy,0.3125,1.0,0.0,0.0,0.0,12.0,100000000,25434632,0.25434632,0.2156735354217483
05_Phase_Jitter_12deg,Dolinar,0.3833333333333333,1.0,0.0,0.0,0.0,12.0,100000000,17570938,0.17570938,0.1666685181642737
05_Phase_Jitter_12deg,Opt_Kennedy,0.3833333333333333,1.0,0.0,0.0,0.0,12.0,100000000,20840137,0.20840137,0.1666685181642737
05_Phase_Jitter_12deg,Dolinar,0.4541666666666666,1.0,0.0,0.0,0.0,12.0,100000000,13610737,0.13610737,0.1252349270996688
05_Phase_Jitter_12deg,Opt_Kennedy,0.4541666666666666,1.0,0.0,0.0,0.0,12.0,100000000,16754018,0.16754018,0.1252349270996688
05_Phase_Jitter_12deg,Dolinar,0.525,1.0,0.0,0.0,0.0,12.0,100000000,10382102,0.10382102,0.09135588385022
05_Phase_Jitter_12deg,Opt_Kennedy,0.525,1.0,0.0,0.0,0.0,12.0,100000000,13232370,0.1323237,0.09135588385022
05_Phase_Jitter_12deg,Dolinar,0.5958333333333333,1.0,0.0,0.0,0.0,12.0,100000000,7856603,0.07856603,0.0645970922766597
05_Phase_Jitter_12deg,Opt_Kennedy,0.5958333333333333,1.0,0.0,0.0,0.0,12.0,100000000,10277819,0.10277819,0.0645970922766597
05_Phase_Jitter_12deg,Dolinar,0.6666666666666666,1.0,0.0,0.0,0.0,12.0,100000000,5949947,0.05949947,0.0442076447015774
05_Phase_Jitter_12deg,Opt_Kennedy,0.6666666666666666,1.0,0.0,0.0,0.0,12.0,100000000,7903713,0.07903713,0.0442076447015774
05_Phase_Jitter_12deg,Dolinar,0.7374999999999999,1.0,0.0,0.0,0.0,12.0,100000000,4564433,0.04564433,0.0292392249664353
05_Phase_Jitter_12deg,Opt_Kennedy,0.7374999999999999,1.0,0.0,0.0,0.0,12.0,100000000,6062322,0.06062322,0.0292392249664353
05_Phase_Jitter_12deg,Dolinar,0.8083333333333332,1.0,0.0,0.0,0.0,12.0,100000000,3596235,0.03596235,0.0186657817140447
05_Phase_Jitter_12deg,Opt_Kennedy,0.8083333333333332,1.0,0.0,0.0,0.0,12.0,100000000,4708704,0.04708704,0.0186657817140447
05_Phase_Jitter_12deg,Dolinar,0.8791666666666667,1.0,0.0,0.0,0.0,12.0,100000000,2946884,0.02946884,0.0114877244351074
05_Phase_Jitter_12deg,Opt_Kennedy,0.8791666666666667,1.0,0.0,0.0,0.0,12.0,100000000,3785776,0.03785776,0.0114877244351074
05_Phase_Jitter_12deg,Dolinar,0.95,1.0,0.0,0.0,0.0,12.0,100000000,2532584,0.02532584,0.0068093286735723
05_Phase_Jitter_12deg,Opt_Kennedy,0.95,1.0,0.0,0.0,0.0,12.0,100000000,3220455,0.03220455,0.0068093286735723
05_Phase_Jitter_12deg,Dolinar,1.0208333333333333,1.0,0.0,0.0,0.0,12.0,100000000,2272609,0.02272609,0.0038843281395801
05_Phase_Jitter_12deg,Opt_Kennedy,1.0208333333333333,1.0,0.0,0.0,0.0,12.0,100000000,2934190,0.0293419,0.0038843281395801
05_Phase_Jitter_12deg,Dolinar,1.0916666666666668,1.0,0.0,0.0,0.0,12.0,100000000,2117914,0.02117914,0.002131124707823
05_Phase_Jitter_12deg,Opt_Kennedy,1.0916666666666668,1.0,0.0,0.0,0.0,12.0,100000000,2868674,0.02868674,0.002131124707823
05_Phase_Jitter_12deg,Dolinar,1.1625,1.0,0.0,0.0,0.0,12.0,100000000,2037253,0.02037253,0.001124075168671
05_Phase_Jitter_12deg,Opt_Kennedy,1.1625,1.0,0.0,0.0,0.0,12.0,100000000,2953318,0.02953318,0.001124075168671
05_Phase_Jitter_12deg,Dolinar,1.2333333333333334,1.0,0.0,0.0,0.0,12.0,100000000,1988692,0.01988692,0.0005698320948016
05_Phase_Jitter_12deg,Opt_Kennedy,1.2333333333333334,1.0,0.0,0.0,0.0,12.0,100000000,3140330,0.0314033,0.0005698320948016
05_Phase_Jitter_12deg,Dolinar,1.3041666666666667,1.0,0.0,0.0,0.0,12.0,100000000,1963646,0.01963646,0.0002775749626994
05_Phase_Jitter_12deg,Opt_Kennedy,1.3041666666666667,1.0,0.0,0.0,0.0,12.0,100000000,3397866,0.03397866,0.0002775749626994
05_Phase_Jitter_12deg,Dolinar,1.375,1.0,0.0,0.0,0.0,12.0,100000000,1953170,0.0195317,0.000129910547289
05_Phase_Jitter_12deg,Opt_Kennedy,1.375,1.0,0.0,0.0,0.0,12.0,100000000,3691660,0.0369166,0.000129910547289
05_Phase_Jitter_12deg,Dolinar,1.4458333333333333,1.0,0.0,0.0,0.0,12.0,100000000,1945863,0.01945863,5.84130019065654e-05
05_Phase_Jitter_12deg,Opt_Kennedy,1.4458333333333333,1.0,0.0,0.0,0.0,12.0,100000000,4019286,0.04019286,5.84130019065654e-05
05_Phase_Jitter_12deg,Dolinar,1.5166666666666666,1.0,0.0,0.0,0.0,12.0,100000000,1945739,0.01945739,2.5232436221322985e-05
05_Phase_Jitter_12deg,Opt_Kennedy,1.5166666666666666,1.0,0.0,0.0,0.0,12.0,100000000,4360484,0.04360484,2.5232436221322985e-05
05_Phase_Jitter_12deg,Dolinar,1.5875,1.0,0.0,0.0,0.0,12.0,100000000,1946343,0.01946343,1.0470917661709043e-05
05_Phase_Jitter_12deg,Opt_Kennedy,1.5875,1.0,0.0,0.0,0.0,12.0,100000000,4718234,0.04718234,1.0470917661709043e-05
05_Phase_Jitter_12deg,Dolinar,1.6583333333333334,1.0,0.0,0.0,0.0,12.0,100000000,1946546,0.01946546,4.174282942914775e-06
05_Phase_Jitter_12deg,Opt_Kennedy,1.6583333333333334,1.0,0.0,0.0,0.0,12.0,100000000,5085208,0.05085208,4.174282942914775e-06
06_Phase_Jitter_18deg,Dolinar,0.1,1.0,0.0,0.0,0.0,18.0,100000000,40590159,0.40590159,0.4009917164479698
06_Phase_Jitter_18deg,Opt_Kennedy,0.1,1.0,0.0,0.0,0.0,18.0,100000000,41894441,0.41894441,0.4009917164479698
06_Phase_Jitter_18deg,Dolinar,0.1708333333333333,1.0,0.0,0.0,0.0,18.0,100000000,34251347,0.34251347,0.334033117602116
06_Phase_Jitter_18deg,Opt_Kennedy,0.1708333333333333,1.0,0.0,0.0,0.0,18.0,100000000,36332330,0.3633233,0.334033117602116
06_Phase_Jitter_18deg,Dolinar,0.2416666666666666,1.0,0.0,0.0,0.0,18.0,100000000,28391602,0.28391602,0.2717838894607052
06_Phase_Jitter_18deg,Opt_Kennedy,0.2416666666666666,1.0,0.0,0.0,0.0,18.0,100000000,31043875,0.31043875,0.2717838894607052
06_Phase_Jitter_18deg,Dolinar,0.3125,1.0,0.0,0.0,0.0,18.0,100000000,23140033,0.23140033,0.2156735354217483
06_Phase_Jitter_18deg,Opt_Kennedy,0.3125,1.0,0.0,0.0,0.0,18.0,100000000,26138096,0.26138096,0.2156735354217483
06_Phase_Jitter_18deg,Dolinar,0.3833333333333333,1.0,0.0,0.0,0.0,18.0,100000000,18600029,0.18600029,0.1666685181642737
06_Phase_Jitter_18deg,Opt_Kennedy,0.3833333333333333,1.0,0.0,0.0,0.0,18.0,100000000,21690200,0.216902,0.1666685181642737
06_Phase_Jitter_18deg,Dolinar,0.4541666666666666,1.0,0.0,0.0,0.0,18.0,100000000,14807543,0.14807543,0.1252349270996688
06_Phase_Jitter_18deg,Opt_Kennedy,0.4541666666666666,1.0,0.0,0.0,0.0,18.0,100000000,17752583,0.17752583,0.1252349270996688
06_Phase_Jitter_18deg,Dolinar,0.525,1.0,0.0,0.0,0.0,18.0,100000000,11733838,0.11733838,0.09135588385022
06_Phase_Jitter_18deg,Opt_Kennedy,0.525,1.0,0.0,0.0,0.0,18.0,100000000,14385243,0.14385243,0.09135588385022
06_Phase_Jitter_18deg,Dolinar,0.5958333333333333,1.0,0.0,0.0,0.0,18.0,100000000,9348252,0.09348252,0.0645970922766597
06_Phase_Jitter_18deg,Opt_Kennedy,0.5958333333333333,1.0,0.0,0.0,0.0,18.0,100000000,11589605,0.11589605,0.0645970922766597
06_Phase_Jitter_18deg,Dolinar,0.6666666666666666,1.0,0.0,0.0,0.0,18.0,100000000,7557752,0.07557752,0.0442076447015774
06_Phase_Jitter_18deg,Opt_Kennedy,0.6666666666666666,1.0,0.0,0.0,0.0,18.0,100000000,9355290,0.0935529,0.0442076447015774
06_Phase_Jitter_18deg,Dolinar,0.7374999999999999,1.0,0.0,0.0,0.0,18.0,100000000,6268989,0.06268989,0.0292392249664353
06_Phase_Jitter_18deg,Opt_Kennedy,0.7374999999999999,1.0,0.0,0.0,0.0,18.0,100000000,7672502,0.07672502,0.0292392249664353
06_Phase_Jitter_18deg,Dolinar,0.8083333333333332,1.0,0.0,0.0,0.0,18.0,100000000,5372227,0.05372227,0.0186657817140447
06_Phase_Jitter_18deg,Opt_Kennedy,0.8083333333333332,1.0,0.0,0.0,0.0,18.0,100000000,6488475,0.06488475,0.0186657817140447
06_Phase_Jitter_18deg,Dolinar,0.8791666666666667,1.0,0.0,0.0,0.0,18.0,100000000,4772413,0.04772413,0.0114877244351074
06_Phase_Jitter_18deg,Opt_Kennedy,0.8791666666666667,1.0,0.0,0.0,0.0,18.0,100000000,5742440,0.0574244,0.0114877244351074
06_Phase_Jitter_18deg,Dolinar,0.95,1.0,0.0,0.0,0.0,18.0,100000000,4390396,0.04390396,0.0068093286735723
06_Phase_Jitter_18deg,Opt_Kennedy,0.95,1.0,0.0,0.0,0.0,18.0,100000000,5375406,0.05375406,0.0068093286735723
06_Phase_Jitter_18deg,Dolinar,1.0208333333333333,1.0,0.0,0.0,0.0,18.0,100000000,4160867,0.04160867,0.0038843281395801
06_Phase_Jitter_18deg,Opt_Kennedy,1.0208333333333333,1.0,0.0,0.0,0.0,18.0,100000000,5302084,0.05302084,0.0038843281395801
06_Phase_Jitter_18deg,Dolinar,1.0916666666666668,1.0,0.0,0.0,0.0,18.0,100000000,4024352,0.04024352,0.002131124707823
06_Phase_Jitter_18deg,Opt_Kennedy,1.0916666666666668,1.0,0.0,0.0,0.0,18.0,100000000,5456927,0.05456927,0.002131124707823
06_Phase_Jitter_18deg,Dolinar,1.1625,1.0,0.0,0.0,0.0,18.0,100000000,3949938,0.03949938,0.001124075168671
06_Phase_Jitter_18deg,Opt_Kennedy,1.1625,1.0,0.0,0.0,0.0,18.0,100000000,5778520,0.0577852,0.001124075168671
06_Phase_Jitter_18deg,Dolinar,1.2333333333333334,1.0,0.0,0.0,0.0,18.0,100000000,3908348,0.03908348,0.0005698320948016
06_Phase_Jitter_18deg,Opt_Kennedy,1.2333333333333334,1.0,0.0,0.0,0.0,18.0,100000000,6211102,0.06211102,0.0005698320948016
06_Phase_Jitter_18deg,Dolinar,1.3041666666666667,1.0,0.0,0.0,0.0,18.0,100000000,3882794,0.03882794,0.0002775749626994
06_Phase_Jitter_18deg,Opt_Kennedy,1.3041666666666667,1.0,0.0,0.0,0.0,18.0,100000000,6718312,0.06718312,0.0002775749626994
06_Phase_Jitter_18deg,Dolinar,1.375,1.0,0.0,0.0,0.0,18.0,100000000,3874339,0.03874339,0.000129910547289
06_Phase_Jitter_18deg,Opt_Kennedy,1.375,1.0,0.0,0.0,0.0,18.0,100000000,7266233,0.07266233,0.000129910547289
06_Phase_Jitter_18deg,Dolinar,1.4458333333333333,1.0,0.0,0.0,0.0,18.0,100000000,3869428,0.03869428,5.84130019065654e-05
06_Phase_Jitter_18deg,Opt_Kennedy,1.4458333333333333,1.0,0.0,0.0,0.0,18.0,100000000,7845262,0.07845262,5.84130019065654e-05
06_Phase_Jitter_18deg,Dolinar,1.5166666666666666,1.0,0.0,0.0,0.0,18.0,100000000,3871215,0.03871215,2.5232436221322985e-05
06_Phase_Jitter_18deg,Opt_Kennedy,1.5166666666666666,1.0,0.0,0.0,0.0,18.0,100000000,8432166,0.08432166,2.5232436221322985e-05
06_Phase_Jitter_18deg,Dolinar,1.5875,1.0,0.0,0.0,0.0,18.0,100000000,3869171,0.03869171,1.0470917661709043e-05
06_Phase_Jitter_18deg,Opt_Kennedy,1.5875,1.0,0.0,0.0,0.0,18.0,100000000,9028391,0.09028391,1.0470917661709043e-05
06_Phase_Jitter_18deg,Dolinar,1.6583333333333334,1.0,0.0,0.0,0.0,18.0,100000000,3876336,0.03876336,4.174282942914775e-06
06_Phase_Jitter_18deg,Opt_Kennedy,1.6583333333333334,1.0,0.0,0.0,0.0,18.0,100000000,9628216,0.09628216,4.174282942914775e-06
07_Latency_0.5pct,Dolinar,0.1,1.0,0.0,0.005,0.0,0.0,10000000,4022905,0.4022905,0.4009917164479698
07_Latency_0.5pct,Opt_Kennedy,0.1,1.0,0.0,0.005,0.0,0.0,10000000,4145795,0.4145795,0.4009917164479698
07_Latency_0.5pct,Dolinar,0.1708333333333333,1.0,0.0,0.005,0.0,0.0,10000000,3360944,0.3360944,0.334033117602116
07_Latency_0.5pct,Opt_Kennedy,0.1708333333333333,1.0,0.0,0.005,0.0,0.0,10000000,3562016,0.3562016,0.334033117602116
07_Latency_0.5pct,Dolinar,0.2416666666666666,1.0,0.0,0.005,0.0,0.0,10000000,2744681,0.2744681,0.2717838894607052
07_Latency_0.5pct,Opt_Kennedy,0.2416666666666666,1.0,0.0,0.005,0.0,0.0,10000000,3007252,0.3007252,0.2717838894607052
07_Latency_0.5pct,Dolinar,0.3125,1.0,0.0,0.005,0.0,0.0,10000000,2188582,0.2188582,0.2156735354217483
07_Latency_0.5pct,Opt_Kennedy,0.3125,1.0,0.0,0.005,0.0,0.0,10000000,2485661,0.2485661,0.2156735354217483
07_Latency_0.5pct,Dolinar,0.3833333333333333,1.0,0.0,0.005,0.0,0.0,10000000,1702628,0.1702628,0.1666685181642737
07_Latency_0.5pct,Opt_Kennedy,0.3833333333333333,1.0,0.0,0.005,0.0,0.0,10000000,2011933,0.2011933,0.1666685181642737
07_Latency_0.5pct,Dolinar,0.4541666666666666,1.0,0.0,0.005,0.0,0.0,10000000,1287737,0.1287737,0.1252349270996688
07_Latency_0.5pct,Opt_Kennedy,0.4541666666666666,1.0,0.0,0.005,0.0,0.0,10000000,1593252,0.1593252,0.1252349270996688
07_Latency_0.5pct,Dolinar,0.525,1.0,0.0,0.005,0.0,0.0,10000000,947879,0.0947879,0.09135588385022
07_Latency_0.5pct,Opt_Kennedy,0.525,1.0,0.0,0.005,0.0,0.0,10000000,1228871,0.1228871,0.09135588385022
07_Latency_0.5pct,Dolinar,0.5958333333333333,1.0,0.0,0.005,0.0,0.0,10000000,677317,0.0677317,0.0645970922766597
07_Latency_0.5pct,Opt_Kennedy,0.5958333333333333,1.0,0.0,0.005,0.0,0.0,10000000,917938,0.0917938,0.0645970922766597
07_Latency_0.5pct,Dolinar,0.6666666666666666,1.0,0.0,0.005,0.0,0.0,10000000,469925,0.0469925,0.0442076447015774
07_Latency_0.5pct,Opt_Kennedy,0.6666666666666666,1.0,0.0,0.005,0.0,0.0,10000000,664444,0.0664444,0.0442076447015774
07_Latency_0.5pct,Dolinar,0.7374999999999999,1.0,0.0,0.005,0.0,0.0,10000000,316048,0.0316048,0.0292392249664353
07_Latency_0.5pct,Opt_Kennedy,0.7374999999999999,1.0,0.0,0.005,0.0,0.0,10000000,462836,0.0462836,0.0292392249664353
07_Latency_0.5pct,Dolinar,0.8083333333333332,1.0,0.0,0.005,0.0,0.0,10000000,204922,0.0204922,0.0186657817140447
07_Latency_0.5pct,Opt_Kennedy,0.8083333333333332,1.0,0.0,0.005,0.0,0.0,10000000,311146,0.0311146,0.0186657817140447
07_Latency_0.5pct,Dolinar,0.8791666666666667,1.0,0.0,0.005,0.0,0.0,10000000,128901,0.0128901,0.0114877244351074
07_Latency_0.5pct,Opt_Kennedy,0.8791666666666667,1.0,0.0,0.005,0.0,0.0,10000000,200538,0.0200538,0.0114877244351074
07_Latency_0.5pct,Dolinar,0.95,1.0,0.0,0.005,0.0,0.0,10000000,77589,0.0077589,0.0068093286735723
07_Latency_0.5pct,Opt_Kennedy,0.95,1.0,0.0,0.005,0.0,0.0,10000000,124630,0.012463,0.0068093286735723
07_Latency_0.5pct,Dolinar,1.0208333333333333,1.0,0.0,0.005,0.0,0.0,10000000,45819,0.0045819,0.0038843281395801
07_Latency_0.5pct,Opt_Kennedy,1.0208333333333333,1.0,0.0,0.005,0.0,0.0,10000000,73359,0.0073359,0.0038843281395801
07_Latency_0.5pct,Dolinar,1.0916666666666668,1.0,0.0,0.005,0.0,0.0,10000000,26150,0.002615,0.002131124707823
07_Latency_0.5pct,Opt_Kennedy,1.0916666666666668,1.0,0.0,0.005,0.0,0.0,10000000,40740,0.004074,0.002131124707823
07_Latency_0.5pct,Dolinar,1.1625,1.0,0.0,0.005,0.0,0.0,10000000,14144,0.0014144,0.001124075168671
07_Latency_0.5pct,Opt_Kennedy,1.1625,1.0,0.0,0.005,0.0,0.0,10000000,21979,0.0021979,0.001124075168671
07_Latency_0.5pct,Dolinar,1.2333333333333334,1.0,0.0,0.005,0.0,0.0,10000000,7480,0.000748,0.0005698320948016
07_Latency_0.5pct,Opt_Kennedy,1.2333333333333334,1.0,0.0,0.005,0.0,0.0,10000000,11311,0.0011311,0.0005698320948016
07_Latency_0.5pct,Dolinar,1.3041666666666667,1.0,0.0,0.005,0.0,0.0,10000000,3869,0.0003869,0.0002775749626994
07_Latency_0.5pct,Opt_Kennedy,1.3041666666666667,1.0,0.0,0.005,0.0,0.0,10000000,5523,0.0005523,0.0002775749626994
07_Latency_0.5pct,Dolinar,1.375,1.0,0.0,0.005,0.0,0.0,10000000,1933,0.0001933,0.000129910547289
07_Latency_0.5pct,Opt_Kennedy,1.375,1.0,0.0,0.005,0.0,0.0,10000000,2643,0.0002643,0.000129910547289
07_Latency_0.5pct,Dolinar,1.4458333333333333,1.0,0.0,0.005,0.0,0.0,10000000,877,8.77e-05,5.84130019065654e-05
07_Latency_0.5pct,Opt_Kennedy,1.4458333333333333,1.0,0.0,0.005,0.0,0.0,10000000,1168,0.0001168,5.84130019065654e-05
07_Latency_0.5pct,Dolinar,1.5166666666666666,1.0,0.0,0.005,0.0,0.0,10000000,415,4.15e-05,2.5232436221322985e-05
07_Latency_0.5pct,Opt_Kennedy,1.5166666666666666,1.0,0.0,0.005,0.0,0.0,10000000,496,4.96e-05,2.5232436221322985e-05
07_Latency_0.5pct,Dolinar,1.5875,1.0,0.0,0.005,0.0,0.0,10000000,183,1.83e-05,1.0470917661709043e-05
07_Latency_0.5pct,Opt_Kennedy,1.5875,1.0,0.0,0.005,0.0,0.0,10000000,172,1.72e-05,1.0470917661709043e-05
07_Latency_0.5pct,Dolinar,1.6583333333333334,1.0,0.0,0.005,0.0,0.0,10000000,88,8.8e-06,4.174282942914775e-06
07_Latency_0.5pct,Opt_Kennedy,1.6583333333333334,1.0,0.0,0.005,0.0,0.0,10000000,80,8e-06,4.174282942914775e-06
07_Latency_0.5pct,Dolinar,1.7291666666666667,1.0,0.0,0.005,0.0,0.0,10000000,34,3.4e-06,1.5986321398875347e-06
07_Latency_0.5pct,Opt_Kennedy,1.7291666666666667,1.0,0.0,0.005,0.0,0.0,10000000,25,2.5e-06,1.5986321398875347e-06
07_Latency_0.5pct,Dolinar,1.8,1.0,0.0,0.005,0.0,0.0,10000000,15,1.5e-06,5.88144145885483e-07
07_Latency_0.5pct,Opt_Kennedy,1.8,1.0,0.0,0.005,0.0,0.0,10000000,12,1.2e-06,5.88144145885483e-07
08_Latency_1.0pct,Dolinar,0.1,1.0,0.0,0.01,0.0,0.0,10000000,4040164,0.4040164,0.4009917164479698
08_Latency_1.0pct,Opt_Kennedy,0.1,1.0,0.0,0.01,0.0,0.0,10000000,4149008,0.4149008,0.4009917164479698
08_Latency_1.0pct,Dolinar,0.1708333333333333,1.0,0.0,0.01,0.0,0.0,10000000,3387756,0.3387756,0.334033117602116
08_Latency_1.0pct,Opt_Kennedy,0.1708333333333333,1.0,0.0,0.01,0.0,0.0,10000000,3563507,0.3563507,0.334033117602116
08_Latency_1.0pct,Dolinar,0.2416666666666666,1.0,0.0,0.01,0.0,0.0,10000000,2778855,0.2778855,0.2717838894607052
08_Latency_1.0pct,Opt_Kennedy,0.2416666666666666,1.0,0.0,0.01,0.0,0.0,10000000,3007149,0.3007149,0.2717838894607052
08_Latency_1.0pct,Dolinar,0.3125,1.0,0.0,0.01,0.0,0.0,10000000,2228014,0.2228014,0.2156735354217483
08_Latency_1.0pct,Opt_Kennedy,0.3125,1.0,0.0,0.01,0.0,0.0,10000000,2485856,0.2485856,0.2156735354217483
08_Latency_1.0pct,Dolinar,0.3833333333333333,1.0,0.0,0.01,0.0,0.0,10000000,1742913,0.1742913,0.1666685181642737
08_Latency_1.0pct,Opt_Kennedy,0.3833333333333333,1.0,0.0,0.01,0.0,0.0,10000000,2013404,0.2013404,0.1666685181642737
08_Latency_1.0pct,Dolinar,0.4541666666666666,1.0,0.0,0.01,0.0,0.0,10000000,1328120,0.132812,0.1252349270996688
08_Latency_1.0pct,Opt_Kennedy,0.4541666666666666,1.0,0.0,0.01,0.0,0.0,10000000,1592869,0.1592869,0.1252349270996688
08_Latency_1.0pct,Dolinar,0.525,1.0,0.0,0.01,0.0,0.0,10000000,986609,0.0986609,0.09135588385022
08_Latency_1.0pct,Opt_Kennedy,0.525,1.0,0.0,0.01,0.0,0.0,10000000,1225199,0.1225199,0.09135588385022
08_Latency_1.0pct,Dolinar,0.5958333333333333,1.0,0.0,0.01,0.0,0.0,10000000,711942,0.0711942,0.0645970922766597
08_Latency_1.0pct,Opt_Kennedy,0.5958333333333333,1.0,0.0,0.01,0.0,0.0,10000000,915392,0.0915392,0.0645970922766597
08_Latency_1.0pct,Dolinar,0.6666666666666666,1.0,0.0,0.01,0.0,0.0,10000000,499984,0.0499984,0.0442076447015774
08_Latency_1.0pct,Opt_Kennedy,0.6666666666666666,1.0,0.0,0.01,0.0,0.0,10000000,664603,0.0664603,0.0442076447015774
08_Latency_1.0pct,Dolinar,0.7374999999999999,1.0,0.0,0.01,0.0,0.0,10000000,340724,0.0340724,0.0292392249664353
08_Latency_1.0pct,Opt_Kennedy,0.7374999999999999,1.0,0.0,0.01,0.0,0.0,10000000,463179,0.0463179,0.0292392249664353
08_Latency_1.0pct,Dolinar,0.8083333333333332,1.0,0.0,0.01,0.0,0.0,10000000,226193,0.0226193,0.0186657817140447
08_Latency_1.0pct,Opt_Kennedy,0.8083333333333332,1.0,0.0,0.01,0.0,0.0,10000000,311726,0.0311726,0.0186657817140447
08_Latency_1.0pct,Dolinar,0.8791666666666667,1.0,0.0,0.01,0.0,0.0,10000000,145420,0.014542,0.0114877244351074
08_Latency_1.0pct,Opt_Kennedy,0.8791666666666667,1.0,0.0,0.01,0.0,0.0,10000000,200932,0.0200932,0.0114877244351074
08_Latency_1.0pct,Dolinar,0.95,1.0,0.0,0.01,0.0,0.0,10000000,90559,0.0090559,0.0068093286735723
08_Latency_1.0pct,Opt_Kennedy,0.95,1.0,0.0,0.01,0.0,0.0,10000000,123678,0.0123678,0.0068093286735723
08_Latency_1.0pct,Dolinar,1.0208333333333333,1.0,0.0,0.01,0.0,0.0,10000000,54881,0.0054881,0.0038843281395801
08_Latency_1.0pct,Opt_Kennedy,1.0208333333333333,1.0,0.0,0.01,0.0,0.0,10000000,72814,0.0072814,0.0038843281395801
08_Latency_1.0pct,Dolinar,1.0916666666666668,1.0,0.0,0.01,0.0,0.0,10000000,32447,0.0032447,0.002131124707823
08_Latency_1.0pct,Opt_Kennedy,1.0916666666666668,1.0,0.0,0.01,0.0,0.0,10000000,40888,0.0040888,0.002131124707823
08_Latency_1.0pct,Dolinar,1.1625,1.0,0.0,0.01,0.0,0.0,10000000,18647,0.0018647,0.001124075168671
08_Latency_1.0pct,Opt_Kennedy,1.1625,1.0,0.0,0.01,0.0,0.0,10000000,22026,0.0022026,0.001124075168671
08_Latency_1.0pct,Dolinar,1.2333333333333334,1.0,0.0,0.01,0.0,0.0,10000000,10315,0.0010315,0.0005698320948016
08_Latency_1.0pct,Opt_Kennedy,1.2333333333333334,1.0,0.0,0.01,0.0,0.0,10000000,11233,0.0011233,0.0005698320948016
08_Latency_1.0pct,Dolinar,1.3041666666666667,1.0,0.0,0.01,0.0,0.0,10000000,5564,0.0005564,0.0002775749626994
08_Latency_1.0pct,Opt_Kennedy,1.3041666666666667,1.0,0.0,0.01,0.0,0.0,10000000,5494,0.0005494,0.0002775749626994
08_Latency_1.0pct,Dolinar,1.375,1.0,0.0,0.01,0.0,0.0,10000000,3017,0.0003017,0.000129910547289
08_Latency_1.0pct,Opt_Kennedy,1.375,1.0,0.0,0.01,0.0,0.0,10000000,2490,0.000249,0.000129910547289
08_Latency_1.0pct,Dolinar,1.4458333333333333,1.0,0.0,0.01,0.0,0.0,10000000,1610,0.000161,5.84130019065654e-05
08_Latency_1.0pct,Opt_Kennedy,1.4458333333333333,1.0,0.0,0.01,0.0,0.0,10000000,1126,0.0001126,5.84130019065654e-05
08_Latency_1.0pct,Dolinar,1.5166666666666666,1.0,0.0,0.01,0.0,0.0,10000000,796,7.96e-05,2.5232436221322985e-05
08_Latency_1.0pct,Opt_Kennedy,1.5166666666666666,1.0,0.0,0.01,0.0,0.0,10000000,455,4.55e-05,2.5232436221322985e-05
08_Latency_1.0pct,Dolinar,1.5875,1.0,0.0,0.01,0.0,0.0,10000000,410,4.1e-05,1.0470917661709043e-05
08_Latency_1.0pct,Opt_Kennedy,1.5875,1.0,0.0,0.01,0.0,0.0,10000000,183,1.83e-05,1.0470917661709043e-05
08_Latency_1.0pct,Dolinar,1.6583333333333334,1.0,0.0,0.01,0.0,0.0,10000000,225,2.25e-05,4.174282942914775e-06
08_Latency_1.0pct,Opt_Kennedy,1.6583333333333334,1.0,0.0,0.01,0.0,0.0,10000000,91,9.1e-06,4.174282942914775e-06
08_Latency_1.0pct,Dolinar,1.7291666666666667,1.0,0.0,0.01,0.0,0.0,10000000,98,9.8e-06,1.5986321398875347e-06
08_Latency_1.0pct,Opt_Kennedy,1.7291666666666667,1.0,0.0,0.01,0.0,0.0,10000000,28,2.8e-06,1.5986321398875347e-06
08_Latency_1.0pct,Dolinar,1.8,1.0,0.0,0.01,0.0,0.0,10000000,42,4.2e-06,5.88144145885483e-07
08_Latency_1.0pct,Opt_Kennedy,1.8,1.0,0.0,0.01,0.0,0.0,10000000,15,1.5e-06,5.88144145885483e-07
09_Latency_1.5pct,Dolinar,0.1,1.0,0.0,0.015,0.0,0.0,10000000,4051972,0.4051972,0.4009917164479698
09_Latency_1.5pct,Opt_Kennedy,0.1,1.0,0.0,0.015,0.0,0.0,10000000,4148038,0.4148038,0.4009917164479698
09_Latency_1.5pct,Dolinar,0.1708333333333333,1.0,0.0,0.015,0.0,0.0,10000000,3408596,0.3408596,0.334033117602116
09_Latency_1.5pct,Opt_Kennedy,0.1708333333333333,1.0,0.0,0.015,0.0,0.0,10000000,3562632,0.3562632,0.334033117602116
09_Latency_1.5pct,Dolinar,0.2416666666666666,1.0,0.0,0.015,0.0,0.0,10000000,2806160,0.280616,0.2717838894607052
09_Latency_1.5pct,Opt_Kennedy,0.2416666666666666,1.0,0.0,0.015,0.0,0.0,10000000,3005559,0.3005559,0.2717838894607052
09_Latency_1.5pct,Dolinar,0.3125,1.0,0.0,0.015,0.0,0.0,10000000,2259719,0.2259719,0.2156735354217483
09_Latency_1.5pct,Opt_Kennedy,0.3125,1.0,0.0,0.015,0.0,0.0,10000000,2485854,0.2485854,0.2156735354217483
09_Latency_1.5pct,Dolinar,0.3833333333333333,1.0,0.0,0.015,0.0,0.0,10000000,1780247,0.1780247,0.1666685181642737
09_Latency_1.5pct,Opt_Kennedy,0.3833333333333333,1.0,0.0,0.015,0.0,0.0,10000000,2014235,0.2014235,0.1666685181642737
09_Latency_1.5pct,Dolinar,0.4541666666666666,1.0,0.0,0.015,0.0,0.0,10000000,1369078,0.1369078,0.1252349270996688
09_Latency_1.5pct,Opt_Kennedy,0.4541666666666666,1.0,0.0,0.015,0.0,0.0,10000000,1592577,0.1592577,0.1252349270996688
09_Latency_1.5pct,Dolinar,0.525,1.0,0.0,0.015,0.0,0.0,10000000,1021308,0.1021308,0.09135588385022
09_Latency_1.5pct,Opt_Kennedy,0.525,1.0,0.0,0.015,0.0,0.0,10000000,1225126,0.1225126,0.09135588385022
09_Latency_1.5pct,Dolinar,0.5958333333333333,1.0,0.0,0.015,0.0,0.0,10000000,747506,0.0747506,0.0645970922766597
09_Latency_1.5pct,Opt_Kennedy,0.5958333333333333,1.0,0.0,0.015,0.0,0.0,10000000,915534,0.0915534,0.0645970922766597
09_Latency_1.5pct,Dolinar,0.6666666666666666,1.0,0.0,0.015,0.0,0.0,10000000,532725,0.0532725,0.0442076447015774
09_Latency_1.5pct,Opt_Kennedy,0.6666666666666666,1.0,0.0,0.015,0.0,0.0,10000000,663902,0.0663902,0.0442076447015774
09_Latency_1.5pct,Dolinar,0.7374999999999999,1.0,0.0,0.015,0.0,0.0,10000000,368188,0.0368188,0.0292392249664353
09_Latency_1.5pct,Opt_Kennedy,0.7374999999999999,1.0,0.0,0.015,0.0,0.0,10000000,463049,0.0463049,0.0292392249664353
09_Latency_1.5pct,Dolinar,0.8083333333333332,1.0,0.0,0.015,0.0,0.0,10000000,248122,0.0248122,0.0186657817140447
09_Latency_1.5pct,Opt_Kennedy,0.8083333333333332,1.0,0.0,0.015,0.0,0.0,10000000,312118,0.0312118,0.0186657817140447
09_Latency_1.5pct,Dolinar,0.8791666666666667,1.0,0.0,0.015,0.0,0.0,10000000,163339,0.0163339,0.0114877244351074
09_Latency_1.5pct,Opt_Kennedy,0.8791666666666667,1.0,0.0,0.015,0.0,0.0,10000000,201147,0.0201147,0.0114877244351074
09_Latency_1.5pct,Dolinar,0.95,1.0,0.0,0.015,0.0,0.0,10000000,104311,0.0104311,0.0068093286735723
09_Latency_1.5pct,Opt_Kennedy,0.95,1.0,0.0,0.015,0.0,0.0,10000000,124083,0.0124083,0.0068093286735723
09_Latency_1.5pct,Dolinar,1.0208333333333333,1.0,0.0,0.015,0.0,0.0,10000000,65461,0.0065461,0.0038843281395801
09_Latency_1.5pct,Opt_Kennedy,1.0208333333333333,1.0,0.0,0.015,0.0,0.0,10000000,72980,0.007298,0.0038843281395801
09_Latency_1.5pct,Dolinar,1.0916666666666668,1.0,0.0,0.015,0.0,0.0,10000000,39704,0.0039704,0.002131124707823
09_Latency_1.5pct,Opt_Kennedy,1.0916666666666668,1.0,0.0,0.015,0.0,0.0,10000000,40883,0.0040883,0.002131124707823
09_Latency_1.5pct,Dolinar,1.1625,1.0,0.0,0.015,0.0,0.0,10000000,23795,0.0023795,0.001124075168671
09_Latency_1.5pct,Opt_Kennedy,1.1625,1.0,0.0,0.015,0.0,0.0,10000000,21835,0.0021835,0.001124075168671
09_Latency_1.5pct,Dolinar,1.2333333333333334,1.0,0.0,0.015,0.0,0.0,10000000,13919,0.0013919,0.0005698320948016
09_Latency_1.5pct,Opt_Kennedy,1.2333333333333334,1.0,0.0,0.015,0.0,0.0,10000000,10971,0.0010971,0.0005698320948016
09_Latency_1.5pct,Dolinar,1.3041666666666667,1.0,0.0,0.015,0.0,0.0,10000000,7925,0.0007925,0.0002775749626994
09_Latency_1.5pct,Opt_Kennedy,1.3041666666666667,1.0,0.0,0.015,0.0,0.0,10000000,5588,0.0005588,0.0002775749626994
09_Latency_1.5pct,Dolinar,1.375,1.0,0.0,0.015,0.0,0.0,10000000,4492,0.0004492,0.000129910547289
09_Latency_1.5pct,Opt_Kennedy,1.375,1.0,0.0,0.015,0.0,0.0,10000000,2607,0.0002607,0.000129910547289
09_Latency_1.5pct,Dolinar,1.4458333333333333,1.0,0.0,0.015,0.0,0.0,10000000,2535,0.0002535,5.84130019065654e-05
09_Latency_1.5pct,Opt_Kennedy,1.4458333333333333,1.0,0.0,0.015,0.0,0.0,10000000,1161,0.0001161,5.84130019065654e-05
09_Latency_1.5pct,Dolinar,1.5166666666666666,1.0,0.0,0.015,0.0,0.0,10000000,1440,0.000144,2.5232436221322985e-05
09_Latency_1.5pct,Opt_Kennedy,1.5166666666666666,1.0,0.0,0.015,0.0,0.0,10000000,475,4.75e-05,2.5232436221322985e-05
09_Latency_1.5pct,Dolinar,1.5875,1.0,0.0,0.015,0.0,0.0,10000000,800,8e-05,1.0470917661709043e-05
09_Latency_1.5pct,Opt_Kennedy,1.5875,1.0,0.0,0.015,0.0,0.0,10000000,224,2.24e-05,1.0470917661709043e-05
09_Latency_1.5pct,Dolinar,1.6583333333333334,1.0,0.0,0.015,0.0,0.0,10000000,451,4.51e-05,4.174282942914775e-06
09_Latency_1.5pct,Opt_Kennedy,1.6583333333333334,1.0,0.0,0.015,0.0,0.0,10000000,94,9.4e-06,4.174282942914775e-06
09_Latency_1.5pct,Dolinar,1.7291666666666667,1.0,0.0,0.015,0.0,0.0,10000000,214,2.14e-05,1.5986321398875347e-06
09_Latency_1.5pct,Opt_Kennedy,1.7291666666666667,1.0,0.0,0.015,0.0,0.0,10000000,30,3e-06,1.5986321398875347e-06
09_Latency_1.5pct,Dolinar,1.8,1.0,0.0,0.015,0.0,0.0,10000000,132,1.32e-05,5.88144145885483e-07
09_Latency_1.5pct,Opt_Kennedy,1.8,1.0,0.0,0.015,0.0,0.0,10000000,17,1.7e-06,5.88144145885483e-07
10_Latency_2.0pct,Dolinar,0.1,1.0,0.0,0.02,0.0,0.0,10000000,4063539,0.4063539,0.4009917164479698
10_Latency_2.0pct,Opt_Kennedy,0.1,1.0,0.0,0.02,0.0,0.0,10000000,4148726,0.4148726,0.4009917164479698
10_Latency_2.0pct,Dolinar,0.1708333333333333,1.0,0.0,0.02,0.0,0.0,10000000,3431003,0.3431003,0.334033117602116
10_Latency_2.0pct,Opt_Kennedy,0.1708333333333333,1.0,0.0,0.02,0.0,0.0,10000000,3564973,0.3564973,0.334033117602116
10_Latency_2.0pct,Dolinar,0.2416666666666666,1.0,0.0,0.02,0.0,0.0,10000000,2835135,0.2835135,0.2717838894607052
10_Latency_2.0pct,Opt_Kennedy,0.2416666666666666,1.0,0.0,0.02,0.0,0.0,10000000,3005015,0.3005015,0.2717838894607052
10_Latency_2.0pct,Dolinar,0.3125,1.0,0.0,0.02,0.0,0.0,10000000,2292757,0.2292757,0.2156735354217483
10_Latency_2.0pct,Opt_Kennedy,0.3125,1.0,0.0,0.02,0.0,0.0,10000000,2486707,0.2486707,0.2156735354217483
10_Latency_2.0pct,Dolinar,0.3833333333333333,1.0,0.0,0.02,0.0,0.0,10000000,1813320,0.181332,0.1666685181642737
10_Latency_2.0pct,Opt_Kennedy,0.3833333333333333,1.0,0.0,0.02,0.0,0.0,10000000,2013348,0.2013348,0.1666685181642737
10_Latency_2.0pct,Dolinar,0.4541666666666666,1.0,0.0,0.02,0.0,0.0,10000000,1403769,0.1403769,0.1252349270996688
10_Latency_2.0pct,Opt_Kennedy,0.4541666666666666,1.0,0.0,0.02,0.0,0.0,10000000,1590507,0.1590507,0.1252349270996688
10_Latency_2.0pct,Dolinar,0.525,1.0,0.0,0.02,0.0,0.0,10000000,1060293,0.1060293,0.09135588385022
10_Latency_2.0pct,Opt_Kennedy,0.525,1.0,0.0,0.02,0.0,0.0,10000000,1225477,0.1225477,0.09135588385022
10_Latency_2.0pct,Dolinar,0.5958333333333333,1.0,0.0,0.02,0.0,0.0,10000000,782958,0.0782958,0.0645970922766597
10_Latency_2.0pct,Opt_Kennedy,0.5958333333333333,1.0,0.0,0.02,0.0,0.0,10000000,916874,0.0916874,0.0645970922766597
10_Latency_2.0pct,Dolinar,0.6666666666666666,1.0,0.0,0.02,0.0,0.0,10000000,562716,0.0562716,0.0442076447015774
10_Latency_2.0pct,Opt_Kennedy,0.6666666666666666,1.0,0.0,0.02,0.0,0.0,10000000,663756,0.0663756,0.0442076447015774
10_Latency_2.0pct,Dolinar,0.7374999999999999,1.0,0.0,0.02,0.0,0.0,10000000,396065,0.0396065,0.0292392249664353
10_Latency_2.0pct,Opt_Kennedy,0.7374999999999999,1.0,0.0,0.02,0.0,0.0,10000000,463861,0.0463861,0.0292392249664353
10_Latency_2.0pct,Dolinar,0.8083333333333332,1.0,0.0,0.02,0.0,0.0,10000000,271211,0.0271211,0.0186657817140447
10_Latency_2.0pct,Opt_Kennedy,0.8083333333333332,1.0,0.0,0.02,0.0,0.0,10000000,312459,0.0312459,0.0186657817140447
10_Latency_2.0pct,Dolinar,0.8791666666666667,1.0,0.0,0.02,0.0,0.0,10000000,182503,0.0182503,0.0114877244351074
10_Latency_2.0pct,Opt_Kennedy,0.8791666666666667,1.0,0.0,0.02,0.0,0.0,10000000,201271,0.0201271,0.0114877244351074
10_Latency_2.0pct,Dolinar,0.95,1.0,0.0,0.02,0.0,0.0,10000000,119050,0.011905,0.0068093286735723
10_Latency_2.0pct,Opt_Kennedy,0.95,1.0,0.0,0.02,0.0,0.0,10000000,123619,0.0123619,0.0068093286735723
10_Latency_2.0pct,Dolinar,1.0208333333333333,1.0,0.0,0.02,0.0,0.0,10000000,77603,0.0077603,0.0038843281395801
10_Latency_2.0pct,Opt_Kennedy,1.0208333333333333,1.0,0.0,0.02,0.0,0.0,10000000,73248,0.0073248,0.0038843281395801
10_Latency_2.0pct,Dolinar,1.0916666666666668,1.0,0.0,0.02,0.0,0.0,10000000,48628,0.0048628,0.002131124707823
10_Latency_2.0pct,Opt_Kennedy,1.0916666666666668,1.0,0.0,0.02,0.0,0.0,10000000,41051,0.0041051,0.002131124707823
10_Latency_2.0pct,Dolinar,1.1625,1.0,0.0,0.02,0.0,0.0,10000000,30165,0.0030165,0.001124075168671
10_Latency_2.0pct,Opt_Kennedy,1.1625,1.0,0.0,0.02,0.0,0.0,10000000,21713,0.0021713,0.001124075168671
10_Latency_2.0pct,Dolinar,1.2333333333333334,1.0,0.0,0.02,0.0,0.0,10000000,18416,0.0018416,0.0005698320948016
10_Latency_2.0pct,Opt_Kennedy,1.2333333333333334,1.0,0.0,0.02,0.0,0.0,10000000,11292,0.0011292,0.0005698320948016
10_Latency_2.0pct,Dolinar,1.3041666666666667,1.0,0.0,0.02,0.0,0.0,10000000,11294,0.0011294,0.0002775749626994
10_Latency_2.0pct,Opt_Kennedy,1.3041666666666667,1.0,0.0,0.02,0.0,0.0,10000000,5427,0.0005427,0.0002775749626994
10_Latency_2.0pct,Dolinar,1.375,1.0,0.0,0.02,0.0,0.0,10000000,6769,0.0006769,0.000129910547289
10_Latency_2.0pct,Opt_Kennedy,1.375,1.0,0.0,0.02,0.0,0.0,10000000,2711,0.0002711,0.000129910547289
10_Latency_2.0pct,Dolinar,1.4458333333333333,1.0,0.0,0.02,0.0,0.0,10000000,4095,0.0004095,5.84130019065654e-05
10_Latency_2.0pct,Opt_Kennedy,1.4458333333333333,1.0,0.0,0.02,0.0,0.0,10000000,1084,0.0001084,5.84130019065654e-05
10_Latency_2.0pct,Dolinar,1.5166666666666666,1.0,0.0,0.02,0.0,0.0,10000000,2465,0.0002465,2.5232436221322985e-05
10_Latency_2.0pct,Opt_Kennedy,1.5166666666666666,1.0,0.0,0.02,0.0,0.0,10000000,547,5.47e-05,2.5232436221322985e-05
10_Latency_2.0pct,Dolinar,1.5875,1.0,0.0,0.02,0.0,0.0,10000000,1516,0.0001516,1.0470917661709043e-05
10_Latency_2.0pct,Opt_Kennedy,1.5875,1.0,0.0,0.02,0.0,0.0,10000000,217,2.17e-05,1.0470917661709043e-05
10_Latency_2.0pct,Dolinar,1.6583333333333334,1.0,0.0,0.02,0.0,0.0,10000000,882,8.82e-05,4.174282942914775e-06
10_Latency_2.0pct,Opt_Kennedy,1.6583333333333334,1.0,0.0,0.02,0.0,0.0,10000000,75,7.5e-06,4.174282942914775e-06
10_Latency_2.0pct,Dolinar,1.7291666666666667,1.0,0.0,0.02,0.0,0.0,10000000,577,5.77e-05,1.5986321398875347e-06
10_Latency_2.0pct,Opt_Kennedy,1.7291666666666667,1.0,0.0,0.02,0.0,0.0,10000000,44,4.4e-06,1.5986321398875347e-06
10_Latency_2.0pct,Dolinar,1.8,1.0,0.0,0.02,0.0,0.0,10000000,368,3.68e-05,5.88144145885483e-07
10_Latency_2.0pct,Opt_Kennedy,1.8,1.0,0.0,0.02,0.0,0.0,10000000,8,8e-07,5.88144145885483e-07
11_Latency_3.0pct,Dolinar,0.1,1.0,0.0,0.03,0.0,0.0,10000000,4088957,0.4088957,0.4009917164479698
11_Latency_3.0pct,Opt_Kennedy,0.1,1.0,0.0,0.03,0.0,0.0,10000000,4149665,0.4149665,0.4009917164479698
11_Latency_3.0pct,Dolinar,0.1708333333333333,1.0,0.0,0.03,0.0,0.0,10000000,3468063,0.3468063,0.334033117602116
11_Latency_3.0pct,Opt_Kennedy,0.1708333333333333,1.0,0.0,0.03,0.0,0.0,10000000,3563138,0.3563138,0.334033117602116
11_Latency_3.0pct,Dolinar,0.2416666666666666,1.0,0.0,0.03,0.0,0.0,10000000,2887490,0.288749,0.2717838894607052
11_Latency_3.0pct,Opt_Kennedy,0.2416666666666666,1.0,0.0,0.03,0.0,0.0,10000000,3004506,0.3004506,0.2717838894607052
11_Latency_3.0pct,Dolinar,0.3125,1.0,0.0,0.03,0.0,0.0,10000000,2355613,0.2355613,0.2156735354217483
11_Latency_3.0pct,Opt_Kennedy,0.3125,1.0,0.0,0.03,0.0,0.0,10000000,2488088,0.2488088,0.2156735354217483
11_Latency_3.0pct,Dolinar,0.3833333333333333,1.0,0.0,0.03,0.0,0.0,10000000,1882013,0.1882013,0.1666685181642737
11_Latency_3.0pct,Opt_Kennedy,0.3833333333333333,1.0,0.0,0.03,0.0,0.0,10000000,2011638,0.2011638,0.1666685181642737
11_Latency_3.0pct,Dolinar,0.4541666666666666,1.0,0.0,0.03,0.0,0.0,10000000,1474806,0.1474806,0.1252349270996688
11_Latency_3.0pct,Opt_Kennedy,0.4541666666666666,1.0,0.0,0.03,0.0,0.0,10000000,1589965,0.1589965,0.1252349270996688
11_Latency_3.0pct,Dolinar,0.525,1.0,0.0,0.03,0.0,0.0,10000000,1131114,0.1131114,0.09135588385022
11_Latency_3.0pct,Opt_Kennedy,0.525,1.0,0.0,0.03,0.0,0.0,10000000,1225113,0.1225113,0.09135588385022
11_Latency_3.0pct,Dolinar,0.5958333333333333,1.0,0.0,0.03,0.0,0.0,10000000,849725,0.0849725,0.0645970922766597
11_Latency_3.0pct,Opt_Kennedy,0.5958333333333333,1.0,0.0,0.03,0.0,0.0,10000000,918501,0.0918501,0.0645970922766597
11_Latency_3.0pct,Dolinar,0.6666666666666666,1.0,0.0,0.03,0.0,0.0,10000000,625928,0.0625928,0.0442076447015774
11_Latency_3.0pct,Opt_Kennedy,0.6666666666666666,1.0,0.0,0.03,0.0,0.0,10000000,664614,0.0664614,0.0442076447015774
11_Latency_3.0pct,Dolinar,0.7374999999999999,1.0,0.0,0.03,0.0,0.0,10000000,453797,0.0453797,0.0292392249664353
11_Latency_3.0pct,Opt_Kennedy,0.7374999999999999,1.0,0.0,0.03,0.0,0.0,10000000,463728,0.0463728,0.0292392249664353
11_Latency_3.0pct,Dolinar,0.8083333333333332,1.0,0.0,0.03,0.0,0.0,10000000,322204,0.0322204,0.0186657817140447
11_Latency_3.0pct,Opt_Kennedy,0.8083333333333332,1.0,0.0,0.03,0.0,0.0,10000000,311849,0.0311849,0.0186657817140447
11_Latency_3.0pct,Dolinar,0.8791666666666667,1.0,0.0,0.03,0.0,0.0,10000000,224719,0.0224719,0.0114877244351074
11_Latency_3.0pct,Opt_Kennedy,0.8791666666666667,1.0,0.0,0.03,0.0,0.0,10000000,201509,0.0201509,0.0114877244351074
11_Latency_3.0pct,Dolinar,0.95,1.0,0.0,0.03,0.0,0.0,10000000,154534,0.0154534,0.0068093286735723
11_Latency_3.0pct,Opt_Kennedy,0.95,1.0,0.0,0.03,0.0,0.0,10000000,124354,0.0124354,0.0068093286735723
11_Latency_3.0pct,Dolinar,1.0208333333333333,1.0,0.0,0.03,0.0,0.0,10000000,105284,0.0105284,0.0038843281395801
11_Latency_3.0pct,Opt_Kennedy,1.0208333333333333,1.0,0.0,0.03,0.0,0.0,10000000,72459,0.0072459,0.0038843281395801
11_Latency_3.0pct,Dolinar,1.0916666666666668,1.0,0.0,0.03,0.0,0.0,10000000,70892,0.0070892,0.002131124707823
11_Latency_3.0pct,Opt_Kennedy,1.0916666666666668,1.0,0.0,0.03,0.0,0.0,10000000,40620,0.004062,0.002131124707823
11_Latency_3.0pct,Dolinar,1.1625,1.0,0.0,0.03,0.0,0.0,10000000,48083,0.0048083,0.001124075168671
11_Latency_3.0pct,Opt_Kennedy,1.1625,1.0,0.0,0.03,0.0,0.0,10000000,21977,0.0021977,0.001124075168671
11_Latency_3.0pct,Dolinar,1.2333333333333334,1.0,0.0,0.03,0.0,0.0,10000000,31882,0.0031882,0.0005698320948016
11_Latency_3.0pct,Opt_Kennedy,1.2333333333333334,1.0,0.0,0.03,0.0,0.0,10000000,11451,0.0011451,0.0005698320948016
11_Latency_3.0pct,Dolinar,1.3041666666666667,1.0,0.0,0.03,0.0,0.0,10000000,21484,0.0021484,0.0002775749626994
11_Latency_3.0pct,Opt_Kennedy,1.3041666666666667,1.0,0.0,0.03,0.0,0.0,10000000,5530,0.000553,0.0002775749626994
11_Latency_3.0pct,Dolinar,1.375,1.0,0.0,0.03,0.0,0.0,10000000,14871,0.0014871,0.000129910547289
11_Latency_3.0pct,Opt_Kennedy,1.375,1.0,0.0,0.03,0.0,0.0,10000000,2575,0.0002575,0.000129910547289
11_Latency_3.0pct,Dolinar,1.4458333333333333,1.0,0.0,0.03,0.0,0.0,10000000,9964,0.0009964,5.84130019065654e-05
11_Latency_3.0pct,Opt_Kennedy,1.4458333333333333,1.0,0.0,0.03,0.0,0.0,10000000,1193,0.0001193,5.84130019065654e-05
11_Latency_3.0pct,Dolinar,1.5166666666666666,1.0,0.0,0.03,0.0,0.0,10000000,6989,0.0006989,2.5232436221322985e-05
11_Latency_3.0pct,Opt_Kennedy,1.5166666666666666,1.0,0.0,0.03,0.0,0.0,10000000,495,4.95e-05,2.5232436221322985e-05
11_Latency_3.0pct,Dolinar,1.5875,1.0,0.0,0.03,0.0,0.0,10000000,4865,0.0004865,1.0470917661709043e-05
11_Latency_3.0pct,Opt_Kennedy,1.5875,1.0,0.0,0.03,0.0,0.0,10000000,219,2.19e-05,1.0470917661709043e-05
11_Latency_3.0pct,Dolinar,1.6583333333333334,1.0,0.0,0.03,0.0,0.0,10000000,3617,0.0003617,4.174282942914775e-06
11_Latency_3.0pct,Opt_Kennedy,1.6583333333333334,1.0,0.0,0.03,0.0,0.0,10000000,81,8.1e-06,4.174282942914775e-06
11_Latency_3.0pct,Dolinar,1.7291666666666667,1.0,0.0,0.03,0.0,0.0,10000000,2712,0.0002712,1.5986321398875347e-06
11_Latency_3.0pct,Opt_Kennedy,1.7291666666666667,1.0,0.0,0.03,0.0,0.0,10000000,26,2.6e-06,1.5986321398875347e-06
11_Latency_3.0pct,Dolinar,1.8,1.0,0.0,0.03,0.0,0.0,10000000,1899,0.0001899,5.88144145885483e-07
11_Latency_3.0pct,Opt_Kennedy,1.8,1.0,0.0,0.03,0.0,0.0,10000000,8,8e-07,5.88144145885483e-07
12_Latency_5.0pct,Dolinar,0.1,1.0,0.0,0.05,0.0,0.0,10000000,4130776,0.4130776,0.4009917164479698
12_Latency_5.0pct,Opt_Kennedy,0.1,1.0,0.0,0.05,0.0,0.0,10000000,4148978,0.4148978,0.4009917164479698
12_Latency_5.0pct,Dolinar,0.1708333333333333,1.0,0.0,0.05,0.0,0.0,10000000,3537863,0.3537863,0.334033117602116
12_Latency_5.0pct,Opt_Kennedy,0.1708333333333333,1.0,0.0,0.05,0.0,0.0,10000000,3564489,0.3564489,0.334033117602116
12_Latency_5.0pct,Dolinar,0.2416666666666666,1.0,0.0,0.05,0.0,0.0,10000000,2980677,0.2980677,0.2717838894607052
12_Latency_5.0pct,Opt_Kennedy,0.2416666666666666,1.0,0.0,0.05,0.0,0.0,10000000,3006428,0.3006428,0.2717838894607052
12_Latency_5.0pct,Dolinar,0.3125,1.0,0.0,0.05,0.0,0.0,10000000,2468615,0.2468615,0.2156735354217483
12_Latency_5.0pct,Opt_Kennedy,0.3125,1.0,0.0,0.05,0.0,0.0,10000000,2485985,0.2485985,0.2156735354217483
12_Latency_5.0pct,Dolinar,0.3833333333333333,1.0,0.0,0.05,0.0,0.0,10000000,2012591,0.2012591,0.1666685181642737
12_Latency_5.0pct,Opt_Kennedy,0.3833333333333333,1.0,0.0,0.05,0.0,0.0,10000000,2009822,0.2009822,0.1666685181642737
12_Latency_5.0pct,Dolinar,0.4541666666666666,1.0,0.0,0.05,0.0,0.0,10000000,1612091,0.1612091,0.1252349270996688
12_Latency_5.0pct,Opt_Kennedy,0.4541666666666666,1.0,0.0,0.05,0.0,0.0,10000000,1592088,0.1592088,0.1252349270996688
12_Latency_5.0pct,Dolinar,0.525,1.0,0.0,0.05,0.0,0.0,10000000,1271707,0.1271707,0.09135588385022
12_Latency_5.0pct,Opt_Kennedy,0.525,1.0,0.0,0.05,0.0,0.0,10000000,1225408,0.1225408,0.09135588385022
12_Latency_5.0pct,Dolinar,0.5958333333333333,1.0,0.0,0.05,0.0,0.0,10000000,988480,0.098848,0.0645970922766597
12_Latency_5.0pct,Opt_Kennedy,0.5958333333333333,1.0,0.0,0.05,0.0,0.0,10000000,917368,0.0917368,0.0645970922766597
12_Latency_5.0pct,Dolinar,0.6666666666666666,1.0,0.0,0.05,0.0,0.0,10000000,759977,0.0759977,0.0442076447015774
12_Latency_5.0pct,Opt_Kennedy,0.6666666666666666,1.0,0.0,0.05,0.0,0.0,10000000,662945,0.0662945,0.0442076447015774
12_Latency_5.0pct,Dolinar,0.7374999999999999,1.0,0.0,0.05,0.0,0.0,10000000,576341,0.0576341,0.0292392249664353
12_Latency_5.0pct,Opt_Kennedy,0.7374999999999999,1.0,0.0,0.05,0.0,0.0,10000000,464428,0.0464428,0.0292392249664353
12_Latency_5.0pct,Dolinar,0.8083333333333332,1.0,0.0,0.05,0.0,0.0,10000000,435097,0.0435097,0.0186657817140447
12_Latency_5.0pct,Opt_Kennedy,0.8083333333333332,1.0,0.0,0.05,0.0,0.0,10000000,311738,0.0311738,0.0186657817140447
12_Latency_5.0pct,Dolinar,0.8791666666666667,1.0,0.0,0.05,0.0,0.0,10000000,325913,0.0325913,0.0114877244351074
12_Latency_5.0pct,Opt_Kennedy,0.8791666666666667,1.0,0.0,0.05,0.0,0.0,10000000,200765,0.0200765,0.0114877244351074
12_Latency_5.0pct,Dolinar,0.95,1.0,0.0,0.05,0.0,0.0,10000000,244110,0.024411,0.0068093286735723
12_Latency_5.0pct,Opt_Kennedy,0.95,1.0,0.0,0.05,0.0,0.0,10000000,123111,0.0123111,0.0068093286735723
12_Latency_5.0pct,Dolinar,1.0208333333333333,1.0,0.0,0.05,0.0,0.0,10000000,183909,0.0183909,0.0038843281395801
12_Latency_5.0pct,Opt_Kennedy,1.0208333333333333,1.0,0.0,0.05,0.0,0.0,10000000,73242,0.0073242,0.0038843281395801
12_Latency_5.0pct,Dolinar,1.0916666666666668,1.0,0.0,0.05,0.0,0.0,10000000,138834,0.0138834,0.002131124707823
12_Latency_5.0pct,Opt_Kennedy,1.0916666666666668,1.0,0.0,0.05,0.0,0.0,10000000,41196,0.0041196,0.002131124707823
12_Latency_5.0pct,Dolinar,1.1625,1.0,0.0,0.05,0.0,0.0,10000000,105914,0.0105914,0.001124075168671
12_Latency_5.0pct,Opt_Kennedy,1.1625,1.0,0.0,0.05,0.0,0.0,10000000,22067,0.0022067,0.001124075168671
12_Latency_5.0pct,Dolinar,1.2333333333333334,1.0,0.0,0.05,0.0,0.0,10000000,82439,0.0082439,0.0005698320948016
12_Latency_5.0pct,Opt_Kennedy,1.2333333333333334,1.0,0.0,0.05,0.0,0.0,10000000,11268,0.0011268,0.0005698320948016
12_Latency_5.0pct,Dolinar,1.3041666666666667,1.0,0.0,0.05,0.0,0.0,10000000,65929,0.0065929,0.0002775749626994
12_Latency_5.0pct,Opt_Kennedy,1.3041666666666667,1.0,0.0,0.05,0.0,0.0,10000000,5440,0.000544,0.0002775749626994
12_Latency_5.0pct,Dolinar,1.375,1.0,0.0,0.05,0.0,0.0,10000000,52901,0.0052901,0.000129910547289
12_Latency_5.0pct,Opt_Kennedy,1.375,1.0,0.0,0.05,0.0,0.0,10000000,2643,0.0002643,0.000129910547289
12_Latency_5.0pct,Dolinar,1.4458333333333333,1.0,0.0,0.05,0.0,0.0,10000000,43518,0.0043518,5.84130019065654e-05
12_Latency_5.0pct,Opt_Kennedy,1.4458333333333333,1.0,0.0,0.05,0.0,0.0,10000000,1161,0.0001161,5.84130019065654e-05
12_Latency_5.0pct,Dolinar,1.5166666666666666,1.0,0.0,0.05,0.0,0.0,10000000,37396,0.0037396,2.5232436221322985e-05
12_Latency_5.0pct,Opt_Kennedy,1.5166666666666666,1.0,0.0,0.05,0.0,0.0,10000000,487,4.87e-05,2.5232436221322985e-05
12_Latency_5.0pct,Dolinar,1.5875,1.0,0.0,0.05,0.0,0.0,10000000,32540,0.003254,1.0470917661709043e-05
12_Latency_5.0pct,Opt_Kennedy,1.5875,1.0,0.0,0.05,0.0,0.0,10000000,195,1.95e-05,1.0470917661709043e-05
12_Latency_5.0pct,Dolinar,1.6583333333333334,1.0,0.0,0.05,0.0,0.0,10000000,28892,0.0028892,4.174282942914775e-06
12_Latency_5.0pct,Opt_Kennedy,1.6583333333333334,1.0,0.0,0.05,0.0,0.0,10000000,110,1.1e-05,4.174282942914775e-06
12_Latency_5.0pct,Dolinar,1.7291666666666667,1.0,0.0,0.05,0.0,0.0,10000000,27015,0.0027015,1.5986321398875347e-06
12_Latency_5.0pct,Opt_Kennedy,1.7291666666666667,1.0,0.0,0.05,0.0,0.0,10000000,37,3.7e-06,1.5986321398875347e-06
12_Latency_5.0pct,Dolinar,1.8,1.0,0.0,0.05,0.0,0.0,10000000,25086,0.0025086,5.88144145885483e-07
12_Latency_5.0pct,Opt_Kennedy,1.8,1.0,0.0,0.05,0.0,0.0,10000000,14,1.4e-06,5.88144145885483e-07
13_Efficiency_98pct,Dolinar,0.1,0.98,0.0,0.0,0.0,0.0,100000000,40197590,0.4019759,0.4019673246288124
13_Efficiency_98pct,Opt_Kennedy,0.1,0.98,0.0,0.0,0.0,0.0,100000000,41566687,0.41566687,0.4019673246288124
13_Efficiency_98pct,Dolinar,0.1708333333333333,0.98,0.0,0.0,0.0,0.0,100000000,33573389,0.33573389,0.3356070905729769
13_Efficiency_98pct,Opt_Kennedy,0.1708333333333333,0.98,0.0,0.0,0.0,0.0,100000000,35766188,0.35766188,0.3356070905729769
13_Efficiency_98pct,Dolinar,0.2416666666666666,0.98,0.0,0.0,0.0,0.0,100000000,27391508,0.27391508,0.2738237072550536
13_Efficiency_98pct,Opt_Kennedy,0.2416666666666666,0.98,0.0,0.0,0.0,0.0,100000000,30246607,0.30246607,0.2738237072550536
13_Efficiency_98pct,Dolinar,0.3125,0.98,0.0,0.0,0.0,0.0,100000000,21817362,0.21817362,0.2180162908918088
13_Efficiency_98pct,Opt_Kennedy,0.3125,0.98,0.0,0.0,0.0,0.0,100000000,25078645,0.25078645,0.2180162908918088
13_Efficiency_98pct,Dolinar,0.3833333333333333,0.98,0.0,0.0,0.0,0.0,100000000,16931159,0.16931159,0.1691412511664851
13_Efficiency_98pct,Opt_Kennedy,0.3833333333333333,0.98,0.0,0.0,0.0,0.0,100000000,20373078,0.20373078,0.1691412511664851
13_Efficiency_98pct,Dolinar,0.4541666666666666,0.98,0.0,0.0,0.0,0.0,100000000,12779927,0.12779927,0.1276747170014276
13_Efficiency_98pct,Opt_Kennedy,0.4541666666666666,0.98,0.0,0.0,0.0,0.0,100000000,16166023,0.16166023,0.1276747170014276
13_Efficiency_98pct,Dolinar,0.525,0.98,0.0,0.0,0.0,0.0,100000000,9379418,0.09379418,0.0936266316665451
13_Efficiency_98pct,Opt_Kennedy,0.525,0.98,0.0,0.0,0.0,0.0,100000000,12504156,0.12504156,0.0936266316665451
13_Efficiency_98pct,Dolinar,0.5958333333333333,0.98,0.0,0.0,0.0,0.0,100000000,6677745,0.06677745,0.066600697828251
13_Efficiency_98pct,Opt_Kennedy,0.5958333333333333,0.98,0.0,0.0,0.0,0.0,100000000,9408253,0.09408253,0.066600697828251
13_Efficiency_98pct,Dolinar,0.6666666666666666,0.98,0.0,0.0,0.0,0.0,100000000,4597639,0.04597639,0.0458884466194322
13_Efficiency_98pct,Opt_Kennedy,0.6666666666666666,0.98,0.0,0.0,0.0,0.0,100000000,6854743,0.06854743,0.0458884466194322
13_Efficiency_98pct,Dolinar,0.7374999999999999,0.98,0.0,0.0,0.0,0.0,100000000,3065635,0.03065635,0.0305818801557402
13_Efficiency_98pct,Opt_Kennedy,0.7374999999999999,0.98,0.0,0.0,0.0,0.0,100000000,4822778,0.04822778,0.0305818801557402
13_Efficiency_98pct,Dolinar,0.8083333333333332,0.98,0.0,0.0,0.0,0.0,100000000,1976736,0.01976736,0.019687941865784
13_Efficiency_98pct,Opt_Kennedy,0.8083333333333332,0.98,0.0,0.0,0.0,0.0,100000000,3270899,0.03270899,0.019687941865784
13_Efficiency_98pct,Dolinar,0.8791666666666667,0.98,0.0,0.0,0.0,0.0,100000000,1224686,0.01224686,0.0122296654212531
13_Efficiency_98pct,Opt_Kennedy,0.8791666666666667,0.98,0.0,0.0,0.0,0.0,100000000,2126762,0.02126762,0.0122296654212531
13_Efficiency_98pct,Dolinar,0.95,0.98,0.0,0.0,0.0,0.0,100000000,735665,0.00735665,0.0073229319994553
13_Efficiency_98pct,Opt_Kennedy,0.95,0.98,0.0,0.0,0.0,0.0,100000000,1325519,0.01325519,0.0073229319994553
13_Efficiency_98pct,Dolinar,1.0208333333333333,0.98,0.0,0.0,0.0,0.0,100000000,423872,0.00423872,0.0042234765515118
13_Efficiency_98pct,Opt_Kennedy,1.0208333333333333,0.98,0.0,0.0,0.0,0.0,100000000,789225,0.00789225,0.0042234765515118
13_Efficiency_98pct,Dolinar,1.0916666666666668,0.98,0.0,0.0,0.0,0.0,100000000,236920,0.0023692,0.0023448065932334
13_Efficiency_98pct,Opt_Kennedy,1.0916666666666668,0.98,0.0,0.0,0.0,0.0,100000000,448249,0.00448249,0.0023448065932334
13_Efficiency_98pct,Dolinar,1.1625,0.98,0.0,0.0,0.0,0.0,100000000,126233,0.00126233,0.0012525754333914
13_Efficiency_98pct,Opt_Kennedy,1.1625,0.98,0.0,0.0,0.0,0.0,100000000,243798,0.00243798,0.0012525754333914
13_Efficiency_98pct,Dolinar,1.2333333333333334,0.98,0.0,0.0,0.0,0.0,100000000,64818,0.00064818,0.0006436174101247
13_Efficiency_98pct,Opt_Kennedy,1.2333333333333334,0.98,0.0,0.0,0.0,0.0,100000000,126703,0.00126703,0.0006436174101247
13_Efficiency_98pct,Dolinar,1.3041666666666667,0.98,0.0,0.0,0.0,0.0,100000000,32106,0.00032106,0.0003180471277711
13_Efficiency_98pct,Opt_Kennedy,1.3041666666666667,0.98,0.0,0.0,0.0,0.0,100000000,63275,0.00063275,0.0003180471277711
13_Efficiency_98pct,Dolinar,1.375,0.98,0.0,0.0,0.0,0.0,100000000,15145,0.00015145,0.0001511265151634
13_Efficiency_98pct,Opt_Kennedy,1.375,0.98,0.0,0.0,0.0,0.0,100000000,30175,0.00030175,0.0001511265151634
13_Efficiency_98pct,Dolinar,1.4458333333333333,0.98,0.0,0.0,0.0,0.0,100000000,6931,6.931e-05,6.904675315455577e-05
13_Efficiency_98pct,Opt_Kennedy,1.4458333333333333,0.98,0.0,0.0,0.0,0.0,100000000,13720,0.0001372,6.904675315455577e-05
13_Efficiency_98pct,Dolinar,1.5166666666666666,0.98,0.0,0.0,0.0,0.0,100000000,3040,3.04e-05,3.033061623092248e-05
13_Efficiency_98pct,Opt_Kennedy,1.5166666666666666,0.98,0.0,0.0,0.0,0.0,100000000,6177,6.177e-05,3.033061623092248e-05
13_Efficiency_98pct,Dolinar,1.5875,0.98,0.0,0.0,0.0,0.0,100000000,1263,1.263e-05,1.2809876907937667e-05
13_Efficiency_98pct,Opt_Kennedy,1.5875,0.98,0.0,0.0,0.0,0.0,100000000,2640,2.64e-05,1.2809876907937667e-05
14_Efficiency_90pct,Dolinar,0.1,0.9,0.0,0.0,0.0,0.0,100000000,40606868,0.40606868,0.4059791159942683
14_Efficiency_90pct,Opt_Kennedy,0.1,0.9,0.0,0.0,0.0,0.0,100000000,41907804,0.41907804,0.4059791159942683
14_Efficiency_90pct,Dolinar,0.1708333333333333,0.9,0.0,0.0,0.0,0.0,100000000,34221678,0.34221678,0.3420983328634667
14_Efficiency_90pct,Opt_Kennedy,0.1708333333333333,0.9,0.0,0.0,0.0,0.0,100000000,36345177,0.36345177,0.3420983328634667
14_Efficiency_90pct,Dolinar,0.2416666666666666,0.9,0.0,0.0,0.0,0.0,100000000,28235653,0.28235653,0.2822740399248068
14_Efficiency_90pct,Opt_Kennedy,0.2416666666666666,0.9,0.0,0.0,0.0,0.0,100000000,31003188,0.31003188,0.2822740399248068
14_Efficiency_90pct,Dolinar,0.3125,0.9,0.0,0.0,0.0,0.0,100000000,22793704,0.22793704,0.2277812801925754
14_Efficiency_90pct,Opt_Kennedy,0.3125,0.9,0.0,0.0,0.0,0.0,100000000,26002011,0.26002011,0.2277812801925754
14_Efficiency_90pct,Dolinar,0.3833333333333333,0.9,0.0,0.0,0.0,0.0,100000000,17970701,0.17970701,0.1795292014272765
14_Efficiency_90pct,Opt_Kennedy,0.3833333333333333,0.9,0.0,0.0,0.0,0.0,100000000,21396785,0.21396785,0.1795292014272765
14_Efficiency_90pct,Dolinar,0.4541666666666666,0.9,0.0,0.0,0.0,0.0,100000000,13820438,0.13820438,0.1380237840124186
14_Efficiency_90pct,Opt_Kennedy,0.4541666666666666,0.9,0.0,0.0,0.0,0.0,100000000,17236420,0.1723642,0.1380237840124186
14_Efficiency_90pct,Dolinar,0.525,0.9,0.0,0.0,0.0,0.0,100000000,10346725,0.10346725,0.1033709489068301
14_Efficiency_90pct,Opt_Kennedy,0.525,0.9,0.0,0.0,0.0,0.0,100000000,13578193,0.13578193,0.1033709489068301
14_Efficiency_90pct,Dolinar,0.5958333333333333,0.9,0.0,0.0,0.0,0.0,100000000,7548739,0.07548739,0.0753167415364134
14_Efficiency_90pct,Opt_Kennedy,0.5958333333333333,0.9,0.0,0.0,0.0,0.0,100000000,10430585,0.10430585,0.0753167415364134
14_Efficiency_90pct,Dolinar,0.6666666666666666,0.9,0.0,0.0,0.0,0.0,100000000,5342740,0.0534274,0.053316811933406
14_Efficiency_90pct,Opt_Kennedy,0.6666666666666666,0.9,0.0,0.0,0.0,0.0,100000000,7788627,0.07788627,0.053316811933406
14_Efficiency_90pct,Dolinar,0.7374999999999999,0.9,0.0,0.0,0.0,0.0,100000000,3670948,0.03670948,0.036624234197305
14_Efficiency_90pct,Opt_Kennedy,0.7374999999999999,0.9,0.0,0.0,0.0,0.0,100000000,5640601,0.05640601,0.036624234197305
14_Efficiency_90pct,Dolinar,0.8083333333333332,0.9,0.0,0.0,0.0,0.0,100000000,2446732,0.02446732,0.0243832485137865
14_Efficiency_90pct,Opt_Kennedy,0.8083333333333332,0.9,0.0,0.0,0.0,0.0,100000000,3956524,0.03956524,0.0243832485137865
14_Efficiency_90pct,Dolinar,0.8791666666666667,0.9,0.0,0.0,0.0,0.0,100000000,1577470,0.0157747,0.0157169570419989
14_Efficiency_90pct,Opt_Kennedy,0.8791666666666667,0.9,0.0,0.0,0.0,0.0,100000000,2674987,0.02674987,0.0157169570419989
14_Efficiency_90pct,Dolinar,0.95,0.9,0.0,0.0,0.0,0.0,100000000,984355,0.00984355,0.009799276171771
14_Efficiency_90pct,Opt_Kennedy,0.95,0.9,0.0,0.0,0.0,0.0,100000000,1736194,0.01736194,0.009799276171771
14_Efficiency_90pct,Dolinar,1.0208333333333333,0.9,0.0,0.0,0.0,0.0,100000000,592649,0.00592649,0.0059051275492095
14_Efficiency_90pct,Opt_Kennedy,1.0208333333333333,0.9,0.0,0.0,0.0,0.0,100000000,1083404,0.01083404,0.0059051275492095
14_Efficiency_90pct,Dolinar,1.0916666666666668,0.9,0.0,0.0,0.0,0.0,100000000,345175,0.00345175,0.0034371891427741
14_Efficiency_90pct,Opt_Kennedy,1.0916666666666668,0.9,0.0,0.0,0.0,0.0,100000000,648043,0.00648043,0.0034371891427741
14_Efficiency_90pct,Dolinar,1.1625,0.9,0.0,0.0,0.0,0.0,100000000,193849,0.00193849,0.0019315675073511
14_Efficiency_90pct,Opt_Kennedy,1.1625,0.9,0.0,0.0,0.0,0.0,100000000,371269,0.00371269,0.0019315675073511
14_Efficiency_90pct,Dolinar,1.2333333333333334,0.9,0.0,0.0,0.0,0.0,100000000,105511,0.00105511,0.0010476075856161
14_Efficiency_90pct,Opt_Kennedy,1.2333333333333334,0.9,0.0,0.0,0.0,0.0,100000000,205377,0.00205377,0.0010476075856161
14_Efficiency_90pct,Dolinar,1.3041666666666667,0.9,0.0,0.0,0.0,0.0,100000000,55564,0.00055564,0.0005482339331193
14_Efficiency_90pct,Opt_Kennedy,1.3041666666666667,0.9,0.0,0.0,0.0,0.0,100000000,108080,0.0010808,0.0005482339331193
14_Efficiency_90pct,Dolinar,1.375,0.9,0.0,0.0,0.0,0.0,100000000,27757,0.00027757,0.0002767855505766
14_Efficiency_90pct,Opt_Kennedy,1.375,0.9,0.0,0.0,0.0,0.0,100000000,54880,0.0005488,0.0002767855505766
14_Efficiency_90pct,Dolinar,1.4458333333333333,0.9,0.0,0.0,0.0,0.0,100000000,13685,0.00013685,0.0001347995021784
14_Efficiency_90pct,Opt_Kennedy,1.4458333333333333,0.9,0.0,0.0,0.0,0.0,100000000,27124,0.00027124,0.0001347995021784
14_Efficiency_90pct,Dolinar,1.5166666666666666,0.9,0.0,0.0,0.0,0.0,100000000,6323,6.323e-05,6.332495744049149e-05
14_Efficiency_90pct,Opt_Kennedy,1.5166666666666666,0.9,0.0,0.0,0.0,0.0,100000000,12866,0.00012866,6.332495744049149e-05
14_Efficiency_90pct,Dolinar,1.5875,0.9,0.0,0.0,0.0,0.0,100000000,2809,2.809e-05,2.8693837862636684e-05
14_Efficiency_90pct,Opt_Kennedy,1.5875,0.9,0.0,0.0,0.0,0.0,100000000,5776,5.776e-05,2.8693837862636684e-05
14_Efficiency_90pct,Dolinar,1.6583333333333334,0.9,0.0,0.0,0.0,0.0,100000000,1277,1.277e-05,1.2540692257312358e-05
14_Efficiency_90pct,Opt_Kennedy,1.6583333333333334,0.9,0.0,0.0,0.0,0.0,100000000,2501,2.501e-05,1.2540692257312358e-05
15_Efficiency_80pct,Dolinar,0.1,0.8,0.0,0.0,0.0,0.0,100000000,41138942,0.41138942,0.4112680751916166
15_Efficiency_80pct,Opt_Kennedy,0.1,0.8,0.0,0.0,0.0,0.0,100000000,42372272,0.42372272,0.4112680751916166
15_Efficiency_80pct,Dolinar,0.1708333333333333,0.8,0.0,0.0,0.0,0.0,100000000,35088776,0.35088776,0.3507009847330652
15_Efficiency_80pct,Opt_Kennedy,0.1708333333333333,0.8,0.0,0.0,0.0,0.0,100000000,37096174,0.37096174,0.3507009847330652
15_Efficiency_80pct,Dolinar,0.2416666666666666,0.8,0.0,0.0,0.0,0.0,100000000,29373668,0.29373668,0.2935635097183461
15_Efficiency_80pct,Opt_Kennedy,0.2416666666666666,0.8,0.0,0.0,0.0,0.0,100000000,32028993,0.32028993,0.2935635097183461
15_Efficiency_80pct,Dolinar,0.3125,0.8,0.0,0.0,0.0,0.0,100000000,24108166,0.24108166,0.2409708650299361
15_Efficiency_80pct,Opt_Kennedy,0.3125,0.8,0.0,0.0,0.0,0.0,100000000,27225844,0.27225844,0.2409708650299361
15_Efficiency_80pct,Dolinar,0.3833333333333333,0.8,0.0,0.0,0.0,0.0,100000000,19393040,0.1939304,0.193758018195072
15_Efficiency_80pct,Opt_Kennedy,0.3833333333333333,0.8,0.0,0.0,0.0,0.0,100000000,22768964,0.22768964,0.193758018195072
15_Efficiency_80pct,Dolinar,0.4541666666666666,0.8,0.0,0.0,0.0,0.0,100000000,15263466,0.15263466,0.1524451918496405
15_Efficiency_80pct,Opt_Kennedy,0.4541666666666666,0.8,0.0,0.0,0.0,0.0,100000000,18709194,0.18709194,0.1524451918496405
15_Efficiency_80pct,Dolinar,0.525,0.8,0.0,0.0,0.0,0.0,100000000,11740903,0.11740903,0.1172318504862486
15_Efficiency_80pct,Opt_Kennedy,0.525,0.8,0.0,0.0,0.0,0.0,100000000,15065541,0.15065541,0.1172318504862486
15_Efficiency_80pct,Dolinar,0.5958333333333333,0.8,0.0,0.0,0.0,0.0,100000000,8816352,0.08816352,0.0880179073762483
15_Efficiency_80pct,Opt_Kennedy,0.5958333333333333,0.8,0.0,0.0,0.0,0.0,100000000,11880136,0.11880136,0.0880179073762483
15_Efficiency_80pct,Dolinar,0.6666666666666666,0.8,0.0,0.0,0.0,0.0,100000000,6457275,0.06457275,0.0644478995057398
15_Efficiency_80pct,Opt_Kennedy,0.6666666666666666,0.8,0.0,0.0,0.0,0.0,100000000,9151738,0.09151738,0.0644478995057398
15_Efficiency_80pct,Dolinar,0.7374999999999999,0.8,0.0,0.0,0.0,0.0,100000000,4610493,0.04610493,0.0459715488961848
15_Efficiency_80pct,Opt_Kennedy,0.7374999999999999,0.8,0.0,0.0,0.0,0.0,100000000,6866765,0.06866765,0.0459715488961848
15_Efficiency_80pct,Dolinar,0.8083333333333332,0.8,0.0,0.0,0.0,0.0,100000000,3200057,0.03200057,0.0319127326412058
15_Efficiency_80pct,Opt_Kennedy,0.8083333333333332,0.8,0.0,0.0,0.0,0.0,100000000,5005336,0.05005336,0.0319127326412058
15_Efficiency_80pct,Dolinar,0.8791666666666667,0.8,0.0,0.0,0.0,0.0,100000000,2161119,0.02161119,0.0215385844905558
15_Efficiency_80pct,Opt_Kennedy,0.8791666666666667,0.8,0.0,0.0,0.0,0.0,100000000,3545859,0.03545859,0.0215385844905558
15_Efficiency_80pct,Dolinar,0.95,0.8,0.0,0.0,0.0,0.0,100000000,1416798,0.01416798,0.0141212796034564
15_Efficiency_80pct,Opt_Kennedy,0.95,0.8,0.0,0.0,0.0,0.0,100000000,2426650,0.0242665,0.0141212796034564
15_Efficiency_80pct,Dolinar,1.0208333333333333,0.8,0.0,0.0,0.0,0.0,100000000,901144,0.00901144,0.008986884219508
15_Efficiency_80pct,Opt_Kennedy,1.0208333333333333,0.8,0.0,0.0,0.0,0.0,100000000,1605199,0.01605199,0.008986884219508
15_Efficiency_80pct,Dolinar,1.0916666666666668,0.8,0.0,0.0,0.0,0.0,100000000,558542,0.00558542,0.0055481746693845
15_Efficiency_80pct,Opt_Kennedy,1.0916666666666668,0.8,0.0,0.0,0.0,0.0,100000000,1022200,0.010222,0.0055481746693845
15_Efficiency_80pct,Dolinar,1.1625,0.8,0.0,0.0,0.0,0.0,100000000,334491,0.00334491,0.0033210716484085
15_Efficiency_80pct,Opt_Kennedy,1.1625,0.8,0.0,0.0,0.0,0.0,100000000,626725,0.00626725,0.0033210716484085
15_Efficiency_80pct,Dolinar,1.2333333333333334,0.8,0.0,0.0,0.0,0.0,100000000,194065,0.00194065,0.0019267486973171
15_Efficiency_80pct,Opt_Kennedy,1.2333333333333334,0.8,0.0,0.0,0.0,0.0,100000000,372350,0.0037235,0.0019267486973171
15_Efficiency_80pct,Dolinar,1.3041666666666667,0.8,0.0,0.0,0.0,0.0,100000000,109115,0.00109115,0.0010830946683664
15_Efficiency_80pct,Opt_Kennedy,1.3041666666666667,0.8,0.0,0.0,0.0,0.0,100000000,211002,0.00211002,0.0010830946683664
15_Efficiency_80pct,Dolinar,1.375,0.8,0.0,0.0,0.0,0.0,100000000,59656,0.00059656,0.0005898133814474
15_Efficiency_80pct,Opt_Kennedy,1.375,0.8,0.0,0.0,0.0,0.0,100000000,116554,0.00116554,0.0005898133814474
15_Efficiency_80pct,Dolinar,1.4458333333333333,0.8,0.0,0.0,0.0,0.0,100000000,31521,0.00031521,0.0003111074851376
15_Efficiency_80pct,Opt_Kennedy,1.4458333333333333,0.8,0.0,0.0,0.0,0.0,100000000,61448,0.00061448,0.0003111074851376
15_Efficiency_80pct,Dolinar,1.5166666666666666,0.8,0.0,0.0,0.0,0.0,100000000,15882,0.00015882,0.0001589335601415
15_Efficiency_80pct,Opt_Kennedy,1.5166666666666666,0.8,0.0,0.0,0.0,0.0,100000000,31815,0.00031815,0.0001589335601415
15_Efficiency_80pct,Dolinar,1.5875,0.8,0.0,0.0,0.0,0.0,100000000,7803,7.803e-05,7.863326535140214e-05
15_Efficiency_80pct,Opt_Kennedy,1.5875,0.8,0.0,0.0,0.0,0.0,100000000,15741,0.00015741,7.863326535140214e-05
15_Efficiency_80pct,Dolinar,1.6583333333333334,0.8,0.0,0.0,0.0,0.0,100000000,3870,3.87e-05,3.7676315149226536e-05
15_Efficiency_80pct,Opt_Kennedy,1.6583333333333334,0.8,0.0,0.0,0.0,0.0,100000000,7404,7.404e-05,3.7676315149226536e-05
16_Efficiency_70pct,Dolinar,0.1,0.7,0.0,0.0,0.0,0.0,100000000,41688493,0.41688493,0.4169162573081335
16_Efficiency_70pct,Opt_Kennedy,0.1,0.7,0.0,0.0,0.0,0.0,100000000,42863712,0.42863712,0.4169162573081335
16_Efficiency_70pct,Dolinar,0.1708333333333333,0.7,0.0,0.0,0.0,0.0,100000000,35998449,0.35998449,0.359941353927634
16_Efficiency_70pct,Opt_Kennedy,0.1708333333333333,0.7,0.0,0.0,0.0,0.0,100000000,37898309,0.37898309,0.359941353927634
16_Efficiency_70pct,Dolinar,0.2416666666666666,0.7,0.0,0.0,0.0,0.0,100000000,30584357,0.30584357,0.3057983724134153
16_Efficiency_70pct,Opt_Kennedy,0.2416666666666666,0.7,0.0,0.0,0.0,0.0,100000000,33120111,0.33120111,0.3057983724134153
16_Efficiency_70pct,Dolinar,0.3125,0.7,0.0,0.0,0.0,0.0,100000000,25553226,0.25553226,0.2554391089946533
16_Efficiency_70pct,Opt_Kennedy,0.3125,0.7,0.0,0.0,0.0,0.0,100000000,28565091,0.28565091,0.2554391089946533
16_Efficiency_70pct,Dolinar,0.3833333333333333,0.7,0.0,0.0,0.0,0.0,100000000,20971426,0.20971426,0.209609029157555
16_Efficiency_70pct,Opt_Kennedy,0.3833333333333333,0.7,0.0,0.0,0.0,0.0,100000000,24287048,0.24287048,0.209609029157555
16_Efficiency_70pct,Dolinar,0.4541666666666666,0.7,0.0,0.0,0.0,0.0,100000000,16898740,0.1689874,0.1688174894700547
16_Efficiency_70pct,Opt_Kennedy,0.4541666666666666,0.7,0.0,0.0,0.0,0.0,100000000,20345353,0.20345353,0.1688174894700547
16_Efficiency_70pct,Dolinar,0.525,0.7,0.0,0.0,0.0,0.0,100000000,13348193,0.13348193,0.1333269521825501
16_Efficiency_70pct,Opt_Kennedy,0.525,0.7,0.0,0.0,0.0,0.0,100000000,16755591,0.16755591,0.1333269521825501
16_Efficiency_70pct,Dolinar,0.5958333333333333,0.7,0.0,0.0,0.0,0.0,100000000,10335413,0.10335413,0.1031610410695942
16_Efficiency_70pct,Opt_Kennedy,0.5958333333333333,0.7,0.0,0.0,0.0,0.0,100000000,13554310,0.1355431,0.1031610410695942
16_Efficiency_70pct,Dolinar,0.6666666666666666,0.7,0.0,0.0,0.0,0.0,100000000,7831043,0.07831043,0.0781294392072105
16_Efficiency_70pct,Opt_Kennedy,0.6666666666666666,0.7,0.0,0.0,0.0,0.0,100000000,10761032,0.10761032,0.0781294392072105
16_Efficiency_70pct,Dolinar,0.7374999999999999,0.7,0.0,0.0,0.0,0.0,100000000,5800469,0.05800469,0.0578660733112622
16_Efficiency_70pct,Opt_Kennedy,0.7374999999999999,0.7,0.0,0.0,0.0,0.0,100000000,8354539,0.08354539,0.0578660733112622
16_Efficiency_70pct,Dolinar,0.8083333333333332,0.7,0.0,0.0,0.0,0.0,100000000,4197637,0.04197637,0.0418759274266019
16_Efficiency_70pct,Opt_Kennedy,0.8083333333333332,0.7,0.0,0.0,0.0,0.0,100000000,6339219,0.06339219,0.0418759274266019
16_Efficiency_70pct,Dolinar,0.8791666666666667,0.7,0.0,0.0,0.0,0.0,100000000,2968740,0.0296874,0.0295852937994686
16_Efficiency_70pct,Opt_Kennedy,0.8791666666666667,0.7,0.0,0.0,0.0,0.0,100000000,4693411,0.04693411,0.0295852937994686
16_Efficiency_70pct,Dolinar,0.95,0.7,0.0,0.0,0.0,0.0,100000000,2045544,0.02045544,0.0203903556461467
16_Efficiency_70pct,Opt_Kennedy,0.95,0.7,0.0,0.0,0.0,0.0,100000000,3376004,0.03376004,0.0203903556461467
16_Efficiency_70pct,Dolinar,1.0208333333333333,0.7,0.0,0.0,0.0,0.0,100000000,1375264,0.01375264,0.0136996922963623
16_Efficiency_70pct,Opt_Kennedy,1.0208333333333333,0.7,0.0,0.0,0.0,0.0,100000000,2359478,0.02359478,0.0136996922963623
16_Efficiency_70pct,Dolinar,1.0916666666666668,0.7,0.0,0.0,0.0,0.0,100000000,900271,0.00900271,0.0089675074780555
16_Efficiency_70pct,Opt_Kennedy,1.0916666666666668,0.7,0.0,0.0,0.0,0.0,100000000,1603063,0.01603063,0.0089675074780555
16_Efficiency_70pct,Dolinar,1.1625,0.7,0.0,0.0,0.0,0.0,100000000,575331,0.00575331,0.0057159227139875
16_Efficiency_70pct,Opt_Kennedy,1.1625,0.7,0.0,0.0,0.0,0.0,100000000,1051520,0.0105152,0.0057159227139875
16_Efficiency_70pct,Dolinar,1.2333333333333334,0.7,0.0,0.0,0.0,0.0,100000000,356636,0.00356636,0.0035462914703669
16_Efficiency_70pct,Opt_Kennedy,1.2333333333333334,0.7,0.0,0.0,0.0,0.0,100000000,668124,0.00668124,0.0035462914703669
16_Efficiency_70pct,Dolinar,1.3041666666666667,0.7,0.0,0.0,0.0,0.0,100000000,215611,0.00215611,0.0021408911327607
16_Efficiency_70pct,Opt_Kennedy,1.3041666666666667,0.7,0.0,0.0,0.0,0.0,100000000,409825,0.00409825,0.0021408911327607
16_Efficiency_70pct,Dolinar,1.375,0.7,0.0,0.0,0.0,0.0,100000000,126328,0.00126328,0.0012573030771084
16_Efficiency_70pct,Opt_Kennedy,1.375,0.7,0.0,0.0,0.0,0.0,100000000,244905,0.00244905,0.0012573030771084
16_Efficiency_70pct,Dolinar,1.4458333333333333,0.7,0.0,0.0,0.0,0.0,100000000,73073,0.00073073,0.0007181793697562
16_Efficiency_70pct,Opt_Kennedy,1.4458333333333333,0.7,0.0,0.0,0.0,0.0,100000000,140845,0.00140845,0.0007181793697562
16_Efficiency_70pct,Dolinar,1.5166666666666666,0.7,0.0,0.0,0.0,0.0,100000000,40124,0.00040124,0.0003989505399609
16_Efficiency_70pct,Opt_Kennedy,1.5166666666666666,0.7,0.0,0.0,0.0,0.0,100000000,79107,0.00079107,0.0003989505399609
16_Efficiency_70pct,Dolinar,1.5875,0.7,0.0,0.0,0.0,0.0,100000000,21601,0.00021601,0.0002155071800851
16_Efficiency_70pct,Opt_Kennedy,1.5875,0.7,0.0,0.0,0.0,0.0,100000000,42759,0.00042759,0.0002155071800851
16_Efficiency_70pct,Dolinar,1.6583333333333334,0.7,0.0,0.0,0.0,0.0,100000000,11383,0.00011383,0.0001131975991255
16_Efficiency_70pct,Opt_Kennedy,1.6583333333333334,0.7,0.0,0.0,0.0,0.0,100000000,22483,0.00022483,0.0001131975991255
17_Efficiency_55pct,Dolinar,0.1,0.55,0.0,0.0,0.0,0.0,100000000,42625840,0.4262584,0.4262440427002842
17_Efficiency_55pct,Opt_Kennedy,0.1,0.55,0.0,0.0,0.0,0.0,100000000,43661973,0.43661973,0.4262440427002842
17_Efficiency_55pct,Dolinar,0.1708333333333333,0.55,0.0,0.0,0.0,0.0,100000000,37537135,0.37537135,0.3753132509707686
17_Efficiency_55pct,Opt_Kennedy,0.1708333333333333,0.55,0.0,0.0,0.0,0.0,100000000,39249431,0.39249431,0.3753132509707686
17_Efficiency_55pct,Dolinar,0.2416666666666666,0.55,0.0,0.0,0.0,0.0,100000000,32653528,0.32653528,0.3263810037614635
17_Efficiency_55pct,Opt_Kennedy,0.2416666666666666,0.55,0.0,0.0,0.0,0.0,100000000,34955529,0.34955529,0.3263810037614635
17_Efficiency_55pct,Dolinar,0.3125,0.55,0.0,0.0,0.0,0.0,100000000,28027235,0.28027235,0.2801520253239434
17_Efficiency_55pct,Opt_Kennedy,0.3125,0.55,0.0,0.0,0.0,0.0,100000000,30813651,0.30813651,0.2801520253239434
17_Efficiency_55pct,Dolinar,0.3833333333333333,0.55,0.0,0.0,0.0,0.0,100000000,23730584,0.23730584,0.2372133843058135
17_Efficiency_55pct,Opt_Kennedy,0.3833333333333333,0.55,0.0,0.0,0.0,0.0,100000000,26875535,0.26875535,0.2372133843058135
17_Efficiency_55pct,Dolinar,0.4541666666666666,0.55,0.0,0.0,0.0,0.0,100000000,19819020,0.1981902,0.198013767508966
17_Efficiency_55pct,Opt_Kennedy,0.4541666666666666,0.55,0.0,0.0,0.0,0.0,100000000,23178212,0.23178212,0.198013767508966
17_Efficiency_55pct,Dolinar,0.525,0.55,0.0,0.0,0.0,0.0,100000000,16303571,0.16303571,0.1628516981644227
17_Efficiency_55pct,Opt_Kennedy,0.525,0.55,0.0,0.0,0.0,0.0,100000000,19751533,0.19751533,0.1628516981644227
17_Efficiency_55pct,Dolinar,0.5958333333333333,0.55,0.0,0.0,0.0,0.0,100000000,13196085,0.13196085,0.131873100579246
17_Efficiency_55pct,Opt_Kennedy,0.5958333333333333,0.55,0.0,0.0,0.0,0.0,100000000,16596396,0.16596396,0.131873100579246
17_Efficiency_55pct,Dolinar,0.6666666666666666,0.55,0.0,0.0,0.0,0.0,100000000,10520227,0.10520227,0.1050778718837112
17_Efficiency_55pct,Opt_Kennedy,0.6666666666666666,0.55,0.0,0.0,0.0,0.0,100000000,13764630,0.1376463,0.1050778718837112
17_Efficiency_55pct,Dolinar,0.7374999999999999,0.55,0.0,0.0,0.0,0.0,100000000,8246953,0.08246953,0.0823344352208775
17_Efficiency_55pct,Opt_Kennedy,0.7374999999999999,0.55,0.0,0.0,0.0,0.0,100000000,11242018,0.11242018,0.0823344352208775
17_Efficiency_55pct,Dolinar,0.8083333333333332,0.55,0.0,0.0,0.0,0.0,100000000,6354696,0.06354696,0.0634006751089256
17_Efficiency_55pct,Opt_Kennedy,0.8083333333333332,0.55,0.0,0.0,0.0,0.0,100000000,9018068,0.09018068,0.0634006751089256
17_Efficiency_55pct,Dolinar,0.8791666666666667,0.55,0.0,0.0,0.0,0.0,100000000,4804816,0.04804816,0.0479492415993594
17_Efficiency_55pct,Opt_Kennedy,0.8791666666666667,0.55,0.0,0.0,0.0,0.0,100000000,7121548,0.07121548,0.0479492415993594
17_Efficiency_55pct,Dolinar,0.95,0.55,0.0,0.0,0.0,0.0,100000000,3568118,0.03568118,0.0355949884474788
17_Efficiency_55pct,Opt_Kennedy,0.95,0.55,0.0,0.0,0.0,0.0,100000000,5508381,0.05508381,0.0355949884474788
17_Efficiency_55pct,Dolinar,1.0208333333333333,0.55,0.0,0.0,0.0,0.0,100000000,2598602,0.02598602,0.0259222997966256
17_Efficiency_55pct,Opt_Kennedy,1.0208333333333333,0.55,0.0,0.0,0.0,0.0,100000000,4174145,0.04174145,0.0259222997966256
17_Efficiency_55pct,Dolinar,1.0916666666666668,0.55,0.0,0.0,0.0,0.0,100000000,1859019,0.01859019,0.0185102603618058
17_Efficiency_55pct,Opt_Kennedy,1.0916666666666668,0.55,0.0,0.0,0.0,0.0,100000000,3097272,0.03097272,0.0185102603618058
17_Efficiency_55pct,Dolinar,1.1625,0.55,0.0,0.0,0.0,0.0,100000000,1300606,0.01300606,0.0129540155134194
17_Efficiency_55pct,Opt_Kennedy,1.1625,0.55,0.0,0.0,0.0,0.0,100000000,2243351,0.02243351,0.0129540155134194
17_Efficiency_55pct,Dolinar,1.2333333333333334,0.55,0.0,0.0,0.0,0.0,100000000,890921,0.00890921,0.0088812059444833
17_Efficiency_55pct,Opt_Kennedy,1.2333333333333334,0.55,0.0,0.0,0.0,0.0,100000000,1587175,0.01587175,0.0088812059444833
17_Efficiency_55pct,Dolinar,1.3041666666666667,0.55,0.0,0.0,0.0,0.0,100000000,599572,0.00599572,0.0059629791812844
17_Efficiency_55pct,Opt_Kennedy,1.3041666666666667,0.55,0.0,0.0,0.0,0.0,100000000,1093385,0.01093385,0.0059629791812844
17_Efficiency_55pct,Dolinar,1.375,0.55,0.0,0.0,0.0,0.0,100000000,394044,0.00394044,0.0039196929157208
17_Efficiency_55pct,Opt_Kennedy,1.375,0.55,0.0,0.0,0.0,0.0,100000000,734317,0.00734317,0.0039196929157208
17_Efficiency_55pct,Dolinar,1.4458333333333333,0.55,0.0,0.0,0.0,0.0,100000000,253980,0.0025398,0.0025219469164682
17_Efficiency_55pct,Opt_Kennedy,1.4458333333333333,0.55,0.0,0.0,0.0,0.0,100000000,481179,0.00481179,0.0025219469164682
17_Efficiency_55pct,Dolinar,1.5166666666666666,0.55,0.0,0.0,0.0,0.0,100000000,159791,0.00159791,0.0015879422745772
17_Efficiency_55pct,Opt_Kennedy,1.5166666666666666,0.55,0.0,0.0,0.0,0.0,100000000,307823,0.00307823,0.0015879422745772
17_Efficiency_55pct,Dolinar,1.5875,0.55,0.0,0.0,0.0,0.0,100000000,99139,0.00099139,0.0009783341319113
17_Efficiency_55pct,Opt_Kennedy,1.5875,0.55,0.0,0.0,0.0,0.0,100000000,191508,0.00191508,0.0009783341319113
17_Efficiency_55pct,Dolinar,1.6583333333333334,0.55,0.0,0.0,0.0,0.0,100000000,59324,0.00059324,0.0005897232247539
17_Efficiency_55pct,Opt_Kennedy,1.6583333333333334,0.55,0.0,0.0,0.0,0.0,100000000,116569,0.00116569,0.0005897232247539
18_Efficiency_40pct,Dolinar,0.1,0.4,0.0,0.0,0.0,0.0,100000000,43705235,0.43705235,0.4370065877557127
18_Efficiency_40pct,Opt_Kennedy,0.1,0.4,0.0,0.0,0.0,0.0,100000000,44596250,0.4459625,0.4370065877557127
18_Efficiency_40pct,Dolinar,0.1708333333333333,0.4,0.0,0.0,0.0,0.0,100000000,39325412,0.39325412,0.3932045984586991
18_Efficiency_40pct,Opt_Kennedy,0.1708333333333333,0.4,0.0,0.0,0.0,0.0,100000000,40808223,0.40808223,0.3932045984586991
18_Efficiency_40pct,Dolinar,0.2416666666666666,0.4,0.0,0.0,0.0,0.0,100000000,35071577,0.35071577,0.3506586254484451
18_Efficiency_40pct,Opt_Kennedy,0.2416666666666666,0.4,0.0,0.0,0.0,0.0,100000000,37092034,0.37092034,0.3506586254484451
18_Efficiency_40pct,Dolinar,0.3125,0.4,0.0,0.0,0.0,0.0,100000000,30993515,0.30993515,0.3098325259852664
18_Efficiency_40pct,Opt_Kennedy,0.3125,0.4,0.0,0.0,0.0,0.0,100000000,33473698,0.33473698,0.3098325259852664
18_Efficiency_40pct,Dolinar,0.3833333333333333,0.4,0.0,0.0,0.0,0.0,100000000,27125630,0.2712563,0.2711348723063665
18_Efficiency_40pct,Opt_Kennedy,0.3833333333333333,0.4,0.0,0.0,0.0,0.0,100000000,29987479,0.29987479,0.2711348723063665
18_Efficiency_40pct,Dolinar,0.4541666666666666,0.4,0.0,0.0,0.0,0.0,100000000,23505400,0.235054,0.2349074518236978
18_Efficiency_40pct,Opt_Kennedy,0.4541666666666666,0.4,0.0,0.0,0.0,0.0,100000000,26667302,0.26667302,0.2349074518236978
18_Efficiency_40pct,Dolinar,0.525,0.4,0.0,0.0,0.0,0.0,100000000,20156339,0.20156339,0.2014169740980559
18_Efficiency_40pct,Opt_Kennedy,0.525,0.4,0.0,0.0,0.0,0.0,100000000,23512733,0.23512733,0.2014169740980559
18_Efficiency_40pct,Dolinar,0.5958333333333333,0.4,0.0,0.0,0.0,0.0,100000000,17105780,0.1710578,0.1708502928420555
18_Efficiency_40pct,Opt_Kennedy,0.5958333333333333,0.4,0.0,0.0,0.0,0.0,100000000,20545418,0.20545418,0.1708502928420555
18_Efficiency_40pct,Dolinar,0.6666666666666666,0.4,0.0,0.0,0.0,0.0,100000000,14350774,0.14350774,0.1433132429925926
18_Efficiency_40pct,Opt_Kennedy,0.6666666666666666,0.4,0.0,0.0,0.0,0.0,100000000,17781064,0.17781064,0.1433132429925926
18_Efficiency_40pct,Dolinar,0.7374999999999999,0.4,0.0,0.0,0.0,0.0,100000000,11897370,0.1189737,0.1188329842613188
18_Efficiency_40pct,Opt_Kennedy,0.7374999999999999,0.4,0.0,0.0,0.0,0.0,100000000,15247666,0.15247666,0.1188329842613188
18_Efficiency_40pct,Dolinar,0.8083333333333332,0.4,0.0,0.0,0.0,0.0,100000000,9750945,0.09750945,0.0973635469286955
18_Efficiency_40pct,Opt_Kennedy,0.8083333333333332,0.4,0.0,0.0,0.0,0.0,100000000,12923129,0.12923129,0.0973635469286955
18_Efficiency_40pct,Dolinar,0.8791666666666667,0.4,0.0,0.0,0.0,0.0,100000000,7895956,0.07895956,0.0787941050681789
18_Efficiency_40pct,Opt_Kennedy,0.8791666666666667,0.4,0.0,0.0,0.0,0.0,100000000,10827958,0.10827958,0.0787941050681789
18_Efficiency_40pct,Dolinar,0.95,0.4,0.0,0.0,0.0,0.0,100000000,6305646,0.06305646,0.0629593670334411
18_Efficiency_40pct,Opt_Kennedy,0.95,0.4,0.0,0.0,0.0,0.0,100000000,8969133,0.08969133,0.0629593670334411
18_Efficiency_40pct,Dolinar,1.0208333333333333,0.4,0.0,0.0,0.0,0.0,100000000,4977618,0.04977618,0.0496513808050647
18_Efficiency_40pct,Opt_Kennedy,1.0208333333333333,0.4,0.0,0.0,0.0,0.0,100000000,7332302,0.07332302,0.0496513808050647
18_Efficiency_40pct,Dolinar,1.0916666666666668,0.4,0.0,0.0,0.0,0.0,100000000,3874431,0.03874431,0.0386320080652745
18_Efficiency_40pct,Opt_Kennedy,1.0916666666666668,0.4,0.0,0.0,0.0,0.0,100000000,5911975,0.05911975,0.0386320080652745
18_Efficiency_40pct,Dolinar,1.1625,0.4,0.0,0.0,0.0,0.0,100000000,2972564,0.02972564,0.0296453282930063
18_Efficiency_40pct,Opt_Kennedy,1.1625,0.4,0.0,0.0,0.0,0.0,100000000,4695347,0.04695347,0.0296453282930063
18_Efficiency_40pct,Dolinar,1.2333333333333334,0.4,0.0,0.0,0.0,0.0,100000000,2251582,0.02251582,0.0224292922549916
18_Efficiency_40pct,Opt_Kennedy,1.2333333333333334,0.4,0.0,0.0,0.0,0.0,100000000,3673409,0.03673409,0.0224292922549916
18_Efficiency_40pct,Dolinar,1.3041666666666667,0.4,0.0,0.0,0.0,0.0,100000000,1680318,0.01680318,0.0167260488499026
18_Efficiency_40pct,Opt_Kennedy,1.3041666666666667,0.4,0.0,0.0,0.0,0.0,100000000,2827771,0.02827771,0.0167260488499026
18_Efficiency_40pct,Dolinar,1.375,0.4,0.0,0.0,0.0,0.0,100000000,1233582,0.01233582,0.0122905120027932
18_Efficiency_40pct,Opt_Kennedy,1.375,0.4,0.0,0.0,0.0,0.0,100000000,2137041,0.02137041,0.0122905120027932
18_Efficiency_40pct,Dolinar,1.4458333333333333,0.4,0.0,0.0,0.0,0.0,100000000,893153,0.00893153,0.008896902564857
18_Efficiency_40pct,Opt_Kennedy,1.4458333333333333,0.4,0.0,0.0,0.0,0.0,100000000,1589003,0.01589003,0.008896902564857
18_Efficiency_40pct,Dolinar,1.5166666666666666,0.4,0.0,0.0,0.0,0.0,100000000,638009,0.00638009,0.006343177681848
18_Efficiency_40pct,Opt_Kennedy,1.5166666666666666,0.4,0.0,0.0,0.0,0.0,100000000,1158135,0.01158135,0.006343177681848
18_Efficiency_40pct,Dolinar,1.5875,0.4,0.0,0.0,0.0,0.0,100000000,446207,0.00446207,0.0044534286943385
18_Efficiency_40pct,Opt_Kennedy,1.5875,0.4,0.0,0.0,0.0,0.0,100000000,830058,0.00830058,0.0044534286943385
18_Efficiency_40pct,Dolinar,1.6583333333333334,0.4,0.0,0.0,0.0,0.0,100000000,309392,0.00309392,0.0030784709408269
18_Efficiency_40pct,Opt_Kennedy,1.6583333333333334,0.4,0.0,0.0,0.0,0.0,100000000,583571,0.00583571,0.0030784709408269
18_Efficiency_40pct,Dolinar,1.7291666666666667,0.4,0.0,0.0,0.0,0.0,100000000,210909,0.00210909,0.0020949512613382
18_Efficiency_40pct,Opt_Kennedy,1.7291666666666667,0.4,0.0,0.0,0.0,0.0,100000000,402670,0.0040267,0.0020949512613382
19_Dark_Counts_1e-5,Dolinar,0.1,1.0,1e-05,0.0,0.0,0.0,100000000,40107439,0.40107439,0.4009917164479698
19_Dark_Counts_1e-5,Opt_Kennedy,0.1,1.0,1e-05,0.0,0.0,0.0,100000000,41479361,0.41479361,0.4009917164479698
19_Dark_Counts_1e-5,Dolinar,0.1708333333333333,1.0,1e-05,0.0,0.0,0.0,100000000,33414174,0.33414174,0.334033117602116
19_Dark_Counts_1e-5,Opt_Kennedy,0.1708333333333333,1.0,1e-05,0.0,0.0,0.0,100000000,35628889,0.35628889,0.334033117602116
19_Dark_Counts_1e-5,Dolinar,0.2416666666666666,1.0,1e-05,0.0,0.0,0.0,100000000,27189940,0.2718994,0.2717838894607052
19_Dark_Counts_1e-5,Opt_Kennedy,0.2416666666666666,1.0,1e-05,0.0,0.0,0.0,100000000,30053848,0.30053848,0.2717838894607052
19_Dark_Counts_1e-5,Dolinar,0.3125,1.0,1e-05,0.0,0.0,0.0,100000000,21581244,0.21581244,0.2156735354217483
19_Dark_Counts_1e-5,Opt_Kennedy,0.3125,1.0,1e-05,0.0,0.0,0.0,100000000,24864899,0.24864899,0.2156735354217483
19_Dark_Counts_1e-5,Dolinar,0.3833333333333333,1.0,1e-05,0.0,0.0,0.0,100000000,16681511,0.16681511,0.1666685181642737
19_Dark_Counts_1e-5,Opt_Kennedy,0.3833333333333333,1.0,1e-05,0.0,0.0,0.0,100000000,20130168,0.20130168,0.1666685181642737
19_Dark_Counts_1e-5,Dolinar,0.4541666666666666,1.0,1e-05,0.0,0.0,0.0,100000000,12544310,0.1254431,0.1252349270996688
19_Dark_Counts_1e-5,Opt_Kennedy,0.4541666666666666,1.0,1e-05,0.0,0.0,0.0,100000000,15914394,0.15914394,0.1252349270996688
19_Dark_Counts_1e-5,Dolinar,0.525,1.0,1e-05,0.0,0.0,0.0,100000000,9143713,0.09143713,0.09135588385022
19_Dark_Counts_1e-5,Opt_Kennedy,0.525,1.0,1e-05,0.0,0.0,0.0,100000000,12256746,0.12256746,0.09135588385022
19_Dark_Counts_1e-5,Dolinar,0.5958333333333333,1.0,1e-05,0.0,0.0,0.0,100000000,6472903,0.06472903,0.0645970922766597
19_Dark_Counts_1e-5,Opt_Kennedy,0.5958333333333333,1.0,1e-05,0.0,0.0,0.0,100000000,9168075,0.09168075,0.0645970922766597
19_Dark_Counts_1e-5,Dolinar,0.6666666666666666,1.0,1e-05,0.0,0.0,0.0,100000000,4433880,0.0443388,0.0442076447015774
19_Dark_Counts_1e-5,Opt_Kennedy,0.6666666666666666,1.0,1e-05,0.0,0.0,0.0,100000000,6637283,0.06637283,0.0442076447015774
19_Dark_Counts_1e-5,Dolinar,0.7374999999999999,1.0,1e-05,0.0,0.0,0.0,100000000,2932194,0.02932194,0.0292392249664353
19_Dark_Counts_1e-5,Opt_Kennedy,0.7374999999999999,1.0,1e-05,0.0,0.0,0.0,100000000,4643749,0.04643749,0.0292392249664353
19_Dark_Counts_1e-5,Dolinar,0.8083333333333332,1.0,1e-05,0.0,0.0,0.0,100000000,1870260,0.0187026,0.0186657817140447
19_Dark_Counts_1e-5,Opt_Kennedy,0.8083333333333332,1.0,1e-05,0.0,0.0,0.0,100000000,3122973,0.03122973,0.0186657817140447
19_Dark_Counts_1e-5,Dolinar,0.8791666666666667,1.0,1e-05,0.0,0.0,0.0,100000000,1153201,0.01153201,0.0114877244351074
19_Dark_Counts_1e-5,Opt_Kennedy,0.8791666666666667,1.0,1e-05,0.0,0.0,0.0,100000000,2011599,0.02011599,0.0114877244351074
19_Dark_Counts_1e-5,Dolinar,0.95,1.0,1e-05,0.0,0.0,0.0,100000000,683138,0.00683138,0.0068093286735723
19_Dark_Counts_1e-5,Opt_Kennedy,0.95,1.0,1e-05,0.0,0.0,0.0,100000000,1239052,0.01239052,0.0068093286735723
19_Dark_Counts_1e-5,Dolinar,1.0208333333333333,1.0,1e-05,0.0,0.0,0.0,100000000,390241,0.00390241,0.0038843281395801
19_Dark_Counts_1e-5,Opt_Kennedy,1.0208333333333333,1.0,1e-05,0.0,0.0,0.0,100000000,730650,0.0073065,0.0038843281395801
19_Dark_Counts_1e-5,Dolinar,1.0916666666666668,1.0,1e-05,0.0,0.0,0.0,100000000,214148,0.00214148,0.002131124707823
19_Dark_Counts_1e-5,Opt_Kennedy,1.0916666666666668,1.0,1e-05,0.0,0.0,0.0,100000000,408602,0.00408602,0.002131124707823
19_Dark_Counts_1e-5,Dolinar,1.1625,1.0,1e-05,0.0,0.0,0.0,100000000,113621,0.00113621,0.001124075168671
19_Dark_Counts_1e-5,Opt_Kennedy,1.1625,1.0,1e-05,0.0,0.0,0.0,100000000,219290,0.0021929,0.001124075168671
19_Dark_Counts_1e-5,Dolinar,1.2333333333333334,1.0,1e-05,0.0,0.0,0.0,100000000,57698,0.00057698,0.0005698320948016
19_Dark_Counts_1e-5,Opt_Kennedy,1.2333333333333334,1.0,1e-05,0.0,0.0,0.0,100000000,112491,0.00112491,0.0005698320948016
19_Dark_Counts_1e-5,Dolinar,1.3041666666666667,1.0,1e-05,0.0,0.0,0.0,100000000,28048,0.00028048,0.0002775749626994
19_Dark_Counts_1e-5,Opt_Kennedy,1.3041666666666667,1.0,1e-05,0.0,0.0,0.0,100000000,55523,0.00055523,0.0002775749626994
19_Dark_Counts_1e-5,Dolinar,1.375,1.0,1e-05,0.0,0.0,0.0,100000000,13297,0.00013297,0.000129910547289
19_Dark_Counts_1e-5,Opt_Kennedy,1.375,1.0,1e-05,0.0,0.0,0.0,100000000,26244,0.00026244,0.000129910547289
19_Dark_Counts_1e-5,Dolinar,1.4458333333333333,1.0,1e-05,0.0,0.0,0.0,100000000,6185,6.185e-05,5.84130019065654e-05
19_Dark_Counts_1e-5,Opt_Kennedy,1.4458333333333333,1.0,1e-05,0.0,0.0,0.0,100000000,12168,0.00012168,5.84130019065654e-05
19_Dark_Counts_1e-5,Dolinar,1.5166666666666666,1.0,1e-05,0.0,0.0,0.0,100000000,2648,2.648e-05,2.5232436221322985e-05
19_Dark_Counts_1e-5,Opt_Kennedy,1.5166666666666666,1.0,1e-05,0.0,0.0,0.0,100000000,5533,5.533e-05,2.5232436221322985e-05
19_Dark_Counts_1e-5,Dolinar,1.5875,1.0,1e-05,0.0,0.0,0.0,100000000,1193,1.193e-05,1.0470917661709043e-05
19_Dark_Counts_1e-5,Opt_Kennedy,1.5875,1.0,1e-05,0.0,0.0,0.0,100000000,2582,2.582e-05,1.0470917661709043e-05
19_Dark_Counts_1e-5,Dolinar,1.6583333333333334,1.0,1e-05,0.0,0.0,0.0,100000000,512,5.12e-06,4.174282942914775e-06
19_Dark_Counts_1e-5,Opt_Kennedy,1.6583333333333334,1.0,1e-05,0.0,0.0,0.0,100000000,1343,1.343e-05,4.174282942914775e-06
20_Dark_Counts_1e-4,Dolinar,0.1,1.0,0.0001,0.0,0.0,0.0,100000000,40108041,0.40108041,0.4009917164479698
20_Dark_Counts_1e-4,Opt_Kennedy,0.1,1.0,0.0001,0.0,0.0,0.0,100000000,41487969,0.41487969,0.4009917164479698
20_Dark_Counts_1e-4,Dolinar,0.1708333333333333,1.0,0.0001,0.0,0.0,0.0,100000000,33404634,0.33404634,0.334033117602116
20_Dark_Counts_1e-4,Opt_Kennedy,0.1708333333333333,1.0,0.0001,0.0,0.0,0.0,100000000,35636679,0.35636679,0.334033117602116
20_Dark_Counts_1e-4,Dolinar,0.2416666666666666,1.0,0.0001,0.0,0.0,0.0,100000000,27209151,0.27209151,0.2717838894607052
20_Dark_Counts_1e-4,Opt_Kennedy,0.2416666666666666,1.0,0.0001,0.0,0.0,0.0,100000000,30064512,0.30064512,0.2717838894607052
20_Dark_Counts_1e-4,Dolinar,0.3125,1.0,0.0001,0.0,0.0,0.0,100000000,21579734,0.21579734,0.2156735354217483
20_Dark_Counts_1e-4,Opt_Kennedy,0.3125,1.0,0.0001,0.0,0.0,0.0,100000000,24867926,0.24867926,0.2156735354217483
20_Dark_Counts_1e-4,Dolinar,0.3833333333333333,1.0,0.0001,0.0,0.0,0.0,100000000,16693911,0.16693911,0.1666685181642737
20_Dark_Counts_1e-4,Opt_Kennedy,0.3833333333333333,1.0,0.0001,0.0,0.0,0.0,100000000,20135900,0.201359,0.1666685181642737
20_Dark_Counts_1e-4,Dolinar,0.4541666666666666,1.0,0.0001,0.0,0.0,0.0,100000000,12547389,0.12547389,0.1252349270996688
20_Dark_Counts_1e-4,Opt_Kennedy,0.4541666666666666,1.0,0.0001,0.0,0.0,0.0,100000000,15916424,0.15916424,0.1252349270996688
20_Dark_Counts_1e-4,Dolinar,0.525,1.0,0.0001,0.0,0.0,0.0,100000000,9158023,0.09158023,0.09135588385022
20_Dark_Counts_1e-4,Opt_Kennedy,0.525,1.0,0.0001,0.0,0.0,0.0,100000000,12250622,0.12250622,0.09135588385022
20_Dark_Counts_1e-4,Dolinar,0.5958333333333333,1.0,0.0001,0.0,0.0,0.0,100000000,6473985,0.06473985,0.0645970922766597
20_Dark_Counts_1e-4,Opt_Kennedy,0.5958333333333333,1.0,0.0001,0.0,0.0,0.0,100000000,9167831,0.09167831,0.0645970922766597
20_Dark_Counts_1e-4,Dolinar,0.6666666666666666,1.0,0.0001,0.0,0.0,0.0,100000000,4434824,0.04434824,0.0442076447015774
20_Dark_Counts_1e-4,Opt_Kennedy,0.6666666666666666,1.0,0.0001,0.0,0.0,0.0,100000000,6643709,0.06643709,0.0442076447015774
20_Dark_Counts_1e-4,Dolinar,0.7374999999999999,1.0,0.0001,0.0,0.0,0.0,100000000,2937937,0.02937937,0.0292392249664353
20_Dark_Counts_1e-4,Opt_Kennedy,0.7374999999999999,1.0,0.0001,0.0,0.0,0.0,100000000,4640432,0.04640432,0.0292392249664353
20_Dark_Counts_1e-4,Dolinar,0.8083333333333332,1.0,0.0001,0.0,0.0,0.0,100000000,1873835,0.01873835,0.0186657817140447
20_Dark_Counts_1e-4,Opt_Kennedy,0.8083333333333332,1.0,0.0001,0.0,0.0,0.0,100000000,3121620,0.0312162,0.0186657817140447
20_Dark_Counts_1e-4,Dolinar,0.8791666666666667,1.0,0.0001,0.0,0.0,0.0,100000000,1155989,0.01155989,0.0114877244351074
20_Dark_Counts_1e-4,Opt_Kennedy,0.8791666666666667,1.0,0.0001,0.0,0.0,0.0,100000000,2015518,0.02015518,0.0114877244351074
20_Dark_Counts_1e-4,Dolinar,0.95,1.0,0.0001,0.0,0.0,0.0,100000000,686881,0.00686881,0.0068093286735723
20_Dark_Counts_1e-4,Opt_Kennedy,0.95,1.0,0.0001,0.0,0.0,0.0,100000000,1243621,0.01243621,0.0068093286735723
20_Dark_Counts_1e-4,Dolinar,1.0208333333333333,1.0,0.0001,0.0,0.0,0.0,100000000,392305,0.00392305,0.0038843281395801
20_Dark_Counts_1e-4,Opt_Kennedy,1.0208333333333333,1.0,0.0001,0.0,0.0,0.0,100000000,733605,0.00733605,0.0038843281395801
20_Dark_Counts_1e-4,Dolinar,1.0916666666666668,1.0,0.0001,0.0,0.0,0.0,100000000,216053,0.00216053,0.002131124707823
20_Dark_Counts_1e-4,Opt_Kennedy,1.0916666666666668,1.0,0.0001,0.0,0.0,0.0,100000000,413329,0.00413329,0.002131124707823
20_Dark_Counts_1e-4,Dolinar,1.1625,1.0,0.0001,0.0,0.0,0.0,100000000,115302,0.00115302,0.001124075168671
20_Dark_Counts_1e-4,Opt_Kennedy,1.1625,1.0,0.0001,0.0,0.0,0.0,100000000,224588,0.00224588,0.001124075168671
20_Dark_Counts_1e-4,Dolinar,1.2333333333333334,1.0,0.0001,0.0,0.0,0.0,100000000,58991,0.00058991,0.0005698320948016
20_Dark_Counts_1e-4,Opt_Kennedy,1.2333333333333334,1.0,0.0001,0.0,0.0,0.0,100000000,116349,0.00116349,0.0005698320948016
20_Dark_Counts_1e-4,Dolinar,1.3041666666666667,1.0,0.0001,0.0,0.0,0.0,100000000,29362,0.00029362,0.0002775749626994
20_Dark_Counts_1e-4,Opt_Kennedy,1.3041666666666667,1.0,0.0001,0.0,0.0,0.0,100000000,59964,0.00059964,0.0002775749626994
20_Dark_Counts_1e-4,Dolinar,1.375,1.0,0.0001,0.0,0.0,0.0,100000000,14328,0.00014328,0.000129910547289
20_Dark_Counts_1e-4,Opt_Kennedy,1.375,1.0,0.0001,0.0,0.0,0.0,100000000,30765,0.00030765,0.000129910547289
20_Dark_Counts_1e-4,Dolinar,1.4458333333333333,1.0,0.0001,0.0,0.0,0.0,100000000,7073,7.073e-05,5.84130019065654e-05
20_Dark_Counts_1e-4,Opt_Kennedy,1.4458333333333333,1.0,0.0001,0.0,0.0,0.0,100000000,16629,0.00016629,5.84130019065654e-05
20_Dark_Counts_1e-4,Dolinar,1.5166666666666666,1.0,0.0001,0.0,0.0,0.0,100000000,3555,3.555e-05,2.5232436221322985e-05
20_Dark_Counts_1e-4,Opt_Kennedy,1.5166666666666666,1.0,0.0001,0.0,0.0,0.0,100000000,9988,9.988e-05,2.5232436221322985e-05
20_Dark_Counts_1e-4,Dolinar,1.5875,1.0,0.0001,0.0,0.0,0.0,100000000,2045,2.045e-05,1.0470917661709043e-05
20_Dark_Counts_1e-4,Opt_Kennedy,1.5875,1.0,0.0001,0.0,0.0,0.0,100000000,7027,7.027e-05,1.0470917661709043e-05
20_Dark_Counts_1e-4,Dolinar,1.6583333333333334,1.0,0.0001,0.0,0.0,0.0,100000000,1366,1.366e-05,4.174282942914775e-06
20_Dark_Counts_1e-4,Opt_Kennedy,1.6583333333333334,1.0,0.0001,0.0,0.0,0.0,100000000,5908,5.908e-05,4.174282942914775e-06
20_Dark_Counts_1e-4,Dolinar,1.7291666666666667,1.0,0.0001,0.0,0.0,0.0,100000000,1030,1.03e-05,1.5986321398875347e-06
20_Dark_Counts_1e-4,Opt_Kennedy,1.7291666666666667,1.0,0.0001,0.0,0.0,0.0,100000000,5280,5.28e-05,1.5986321398875347e-06
20_Dark_Counts_1e-4,Dolinar,1.8,1.0,0.0001,0.0,0.0,0.0,100000000,887,8.87e-06,5.88144145885483e-07
20_Dark_Counts_1e-4,Opt_Kennedy,1.8,1.0,0.0001,0.0,0.0,0.0,100000000,5183,5.183e-05,5.88144145885483e-07
21_Dark_Counts_1e-3,Dolinar,0.1,1.0,0.001,0.0,0.0,0.0,100000000,40114416,0.40114416,0.4009917164479698
21_Dark_Counts_1e-3,Opt_Kennedy,0.1,1.0,0.001,0.0,0.0,0.0,100000000,41486778,0.41486778,0.4009917164479698
21_Dark_Counts_1e-3,Dolinar,0.1708333333333333,1.0,0.001,0.0,0.0,0.0,100000000,33431722,0.33431722,0.334033117602116
21_Dark_Counts_1e-3,Opt_Kennedy,0.1708333333333333,1.0,0.001,0.0,0.0,0.0,100000000,35644373,0.35644373,0.334033117602116
21_Dark_Counts_1e-3,Dolinar,0.2416666666666666,1.0,0.001,0.0,0.0,0.0,100000000,27212431,0.27212431,0.2717838894607052
21_Dark_Counts_1e-3,Opt_Kennedy,0.2416666666666666,1.0,0.001,0.0,0.0,0.0,100000000,30078265,0.30078265,0.2717838894607052
21_Dark_Counts_1e-3,Dolinar,0.3125,1.0,0.001,0.0,0.0,0.0,100000000,21615761,0.21615761,0.2156735354217483
21_Dark_Counts_1e-3,Opt_Kennedy,0.3125,1.0,0.001,0.0,0.0,0.0,100000000,24889470,0.2488947,0.2156735354217483
21_Dark_Counts_1e-3,Dolinar,0.3833333333333333,1.0,0.001,0.0,0.0,0.0,100000000,16718175,0.16718175,0.1666685181642737
21_Dark_Counts_1e-3,Opt_Kennedy,0.3833333333333333,1.0,0.001,0.0,0.0,0.0,100000000,20151852,0.20151852,0.1666685181642737
21_Dark_Counts_1e-3,Dolinar,0.4541666666666666,1.0,0.001,0.0,0.0,0.0,100000000,12568717,0.12568717,0.1252349270996688
21_Dark_Counts_1e-3,Opt_Kennedy,0.4541666666666666,1.0,0.001,0.0,0.0,0.0,100000000,15949135,0.15949135,0.1252349270996688
21_Dark_Counts_1e-3,Dolinar,0.525,1.0,0.001,0.0,0.0,0.0,100000000,9185669,0.09185669,0.09135588385022
21_Dark_Counts_1e-3,Opt_Kennedy,0.525,1.0,0.001,0.0,0.0,0.0,100000000,12295865,0.12295865,0.09135588385022
21_Dark_Counts_1e-3,Dolinar,0.5958333333333333,1.0,0.001,0.0,0.0,0.0,100000000,6508435,0.06508435,0.0645970922766597
21_Dark_Counts_1e-3,Opt_Kennedy,0.5958333333333333,1.0,0.001,0.0,0.0,0.0,100000000,9206507,0.09206507,0.0645970922766597
21_Dark_Counts_1e-3,Dolinar,0.6666666666666666,1.0,0.001,0.0,0.0,0.0,100000000,4464104,0.04464104,0.0442076447015774
21_Dark_Counts_1e-3,Opt_Kennedy,0.6666666666666666,1.0,0.001,0.0,0.0,0.0,100000000,6679895,0.06679895,0.0442076447015774
21_Dark_Counts_1e-3,Dolinar,0.7374999999999999,1.0,0.001,0.0,0.0,0.0,100000000,2966518,0.02966518,0.0292392249664353
21_Dark_Counts_1e-3,Opt_Kennedy,0.7374999999999999,1.0,0.001,0.0,0.0,0.0,100000000,4683073,0.04683073,0.0292392249664353
21_Dark_Counts_1e-3,Dolinar,0.8083333333333332,1.0,0.001,0.0,0.0,0.0,100000000,1902641,0.01902641,0.0186657817140447
21_Dark_Counts_1e-3,Opt_Kennedy,0.8083333333333332,1.0,0.001,0.0,0.0,0.0,100000000,3165310,0.0316531,0.0186657817140447
21_Dark_Counts_1e-3,Dolinar,0.8791666666666667,1.0,0.001,0.0,0.0,0.0,100000000,1180541,0.01180541,0.0114877244351074
21_Dark_Counts_1e-3,Opt_Kennedy,0.8791666666666667,1.0,0.001,0.0,0.0,0.0,100000000,2059661,0.02059661,0.0114877244351074
21_Dark_Counts_1e-3,Dolinar,0.95,1.0,0.001,0.0,0.0,0.0,100000000,707927,0.00707927,0.0068093286735723
21_Dark_Counts_1e-3,Opt_Kennedy,0.95,1.0,0.001,0.0,0.0,0.0,100000000,1286264,0.01286264,0.0068093286735723
21_Dark_Counts_1e-3,Dolinar,1.0208333333333333,1.0,0.001,0.0,0.0,0.0,100000000,412068,0.00412068,0.0038843281395801
21_Dark_Counts_1e-3,Opt_Kennedy,1.0208333333333333,1.0,0.001,0.0,0.0,0.0,100000000,777914,0.00777914,0.0038843281395801
21_Dark_Counts_1e-3,Dolinar,1.0916666666666668,1.0,0.001,0.0,0.0,0.0,100000000,234272,0.00234272,0.002131124707823
21_Dark_Counts_1e-3,Opt_Kennedy,1.0916666666666668,1.0,0.001,0.0,0.0,0.0,100000000,457378,0.00457378,0.002131124707823
21_Dark_Counts_1e-3,Dolinar,1.1625,1.0,0.001,0.0,0.0,0.0,100000000,131282,0.00131282,0.001124075168671
21_Dark_Counts_1e-3,Opt_Kennedy,1.1625,1.0,0.001,0.0,0.0,0.0,100000000,268678,0.00268678,0.001124075168671
21_Dark_Counts_1e-3,Dolinar,1.2333333333333334,1.0,0.001,0.0,0.0,0.0,100000000,73613,0.00073613,0.0005698320948016
21_Dark_Counts_1e-3,Opt_Kennedy,1.2333333333333334,1.0,0.001,0.0,0.0,0.0,100000000,162912,0.00162912,0.0005698320948016
21_Dark_Counts_1e-3,Dolinar,1.3041666666666667,1.0,0.001,0.0,0.0,0.0,100000000,42916,0.00042916,0.0002775749626994
21_Dark_Counts_1e-3,Opt_Kennedy,1.3041666666666667,1.0,0.001,0.0,0.0,0.0,100000000,105233,0.00105233,0.0002775749626994
21_Dark_Counts_1e-3,Dolinar,1.375,1.0,0.001,0.0,0.0,0.0,100000000,26417,0.00026417,0.000129910547289
21_Dark_Counts_1e-3,Opt_Kennedy,1.375,1.0,0.001,0.0,0.0,0.0,100000000,75524,0.00075524,0.000129910547289
21_Dark_Counts_1e-3,Dolinar,1.4458333333333333,1.0,0.001,0.0,0.0,0.0,100000000,17730,0.0001773,5.84130019065654e-05
21_Dark_Counts_1e-3,Opt_Kennedy,1.4458333333333333,1.0,0.001,0.0,0.0,0.0,100000000,61783,0.00061783,5.84130019065654e-05
21_Dark_Counts_1e-3,Dolinar,1.5166666666666666,1.0,0.001,0.0,0.0,0.0,100000000,13364,0.00013364,2.5232436221322985e-05
21_Dark_Counts_1e-3,Opt_Kennedy,1.5166666666666666,1.0,0.001,0.0,0.0,0.0,100000000,55058,0.00055058,2.5232436221322985e-05
21_Dark_Counts_1e-3,Dolinar,1.5875,1.0,0.001,0.0,0.0,0.0,100000000,10775,0.00010775,1.0470917661709043e-05
21_Dark_Counts_1e-3,Opt_Kennedy,1.5875,1.0,0.001,0.0,0.0,0.0,100000000,52269,0.00052269,1.0470917661709043e-05
21_Dark_Counts_1e-3,Dolinar,1.6583333333333334,1.0,0.001,0.0,0.0,0.0,100000000,9480,9.48e-05,4.174282942914775e-06
21_Dark_Counts_1e-3,Opt_Kennedy,1.6583333333333334,1.0,0.001,0.0,0.0,0.0,100000000,50678,0.00050678,4.174282942914775e-06
21_Dark_Counts_1e-3,Dolinar,1.7291666666666667,1.0,0.001,0.0,0.0,0.0,100000000,8555,8.555e-05,1.5986321398875347e-06
21_Dark_Counts_1e-3,Opt_Kennedy,1.7291666666666667,1.0,0.001,0.0,0.0,0.0,100000000,49807,0.00049807,1.5986321398875347e-06
22_Dark_Counts_5e-3,Dolinar,0.1,1.0,0.005,0.0,0.0,0.0,100000000,40156534,0.40156534,0.4009917164479698
22_Dark_Counts_5e-3,Opt_Kennedy,0.1,1.0,0.005,0.0,0.0,0.0,100000000,41518894,0.41518894,0.4009917164479698
22_Dark_Counts_5e-3,Dolinar,0.1708333333333333,1.0,0.005,0.0,0.0,0.0,100000000,33499526,0.33499526,0.334033117602116
22_Dark_Counts_5e-3,Opt_Kennedy,0.1708333333333333,1.0,0.005,0.0,0.0,0.0,100000000,35692925,0.35692925,0.334033117602116
22_Dark_Counts_5e-3,Dolinar,0.2416666666666666,1.0,0.005,0.0,0.0,0.0,100000000,27299531,0.27299531,0.2717838894607052
22_Dark_Counts_5e-3,Opt_Kennedy,0.2416666666666666,1.0,0.005,0.0,0.0,0.0,100000000,30150415,0.30150415,0.2717838894607052
22_Dark_Counts_5e-3,Dolinar,0.3125,1.0,0.005,0.0,0.0,0.0,100000000,21719013,0.21719013,0.2156735354217483
22_Dark_Counts_5e-3,Opt_Kennedy,0.3125,1.0,0.005,0.0,0.0,0.0,100000000,24986432,0.24986432,0.2156735354217483
22_Dark_Counts_5e-3,Dolinar,0.3833333333333333,1.0,0.005,0.0,0.0,0.0,100000000,16836770,0.1683677,0.1666685181642737
22_Dark_Counts_5e-3,Opt_Kennedy,0.3833333333333333,1.0,0.005,0.0,0.0,0.0,100000000,20276135,0.20276135,0.1666685181642737
22_Dark_Counts_5e-3,Dolinar,0.4541666666666666,1.0,0.005,0.0,0.0,0.0,100000000,12700363,0.12700363,0.1252349270996688
22_Dark_Counts_5e-3,Opt_Kennedy,0.4541666666666666,1.0,0.005,0.0,0.0,0.0,100000000,16088462,0.16088462,0.1252349270996688
22_Dark_Counts_5e-3,Dolinar,0.525,1.0,0.005,0.0,0.0,0.0,100000000,9316082,0.09316082,0.09135588385022
22_Dark_Counts_5e-3,Opt_Kennedy,0.525,1.0,0.005,0.0,0.0,0.0,100000000,12443490,0.1244349,0.09135588385022
22_Dark_Counts_5e-3,Dolinar,0.5958333333333333,1.0,0.005,0.0,0.0,0.0,100000000,6640798,0.06640798,0.0645970922766597
22_Dark_Counts_5e-3,Opt_Kennedy,0.5958333333333333,1.0,0.005,0.0,0.0,0.0,100000000,9369739,0.09369739,0.0645970922766597
22_Dark_Counts_5e-3,Dolinar,0.6666666666666666,1.0,0.005,0.0,0.0,0.0,100000000,4594929,0.04594929,0.0442076447015774
22_Dark_Counts_5e-3,Opt_Kennedy,0.6666666666666666,1.0,0.005,0.0,0.0,0.0,100000000,6855676,0.06855676,0.0442076447015774
22_Dark_Counts_5e-3,Dolinar,0.7374999999999999,1.0,0.005,0.0,0.0,0.0,100000000,3086377,0.03086377,0.0292392249664353
22_Dark_Counts_5e-3,Opt_Kennedy,0.7374999999999999,1.0,0.005,0.0,0.0,0.0,100000000,4865013,0.04865013,0.0292392249664353
22_Dark_Counts_5e-3,Dolinar,0.8083333333333332,1.0,0.005,0.0,0.0,0.0,100000000,2018752,0.02018752,0.0186657817140447
22_Dark_Counts_5e-3,Opt_Kennedy,0.8083333333333332,1.0,0.005,0.0,0.0,0.0,100000000,3353984,0.03353984,0.0186657817140447
22_Dark_Counts_5e-3,Dolinar,0.8791666666666667,1.0,0.005,0.0,0.0,0.0,100000000,1287043,0.01287043,0.0114877244351074
22_Dark_Counts_5e-3,Opt_Kennedy,0.8791666666666667,1.0,0.005,0.0,0.0,0.0,100000000,2248413,0.02248413,0.0114877244351074
22_Dark_Counts_5e-3,Dolinar,0.95,1.0,0.005,0.0,0.0,0.0,100000000,805182,0.00805182,0.0068093286735723
22_Dark_Counts_5e-3,Opt_Kennedy,0.95,1.0,0.005,0.0,0.0,0.0,100000000,1482946,0.01482946,0.0068093286735723
22_Dark_Counts_5e-3,Dolinar,1.0208333333333333,1.0,0.005,0.0,0.0,0.0,100000000,500947,0.00500947,0.0038843281395801
22_Dark_Counts_5e-3,Opt_Kennedy,1.0208333333333333,1.0,0.005,0.0,0.0,0.0,100000000,975420,0.0097542,0.0038843281395801
22_Dark_Counts_5e-3,Dolinar,1.0916666666666668,1.0,0.005,0.0,0.0,0.0,100000000,313764,0.00313764,0.002131124707823
22_Dark_Counts_5e-3,Opt_Kennedy,1.0916666666666668,1.0,0.005,0.0,0.0,0.0,100000000,657847,0.00657847,0.002131124707823
22_Dark_Counts_5e-3,Dolinar,1.1625,1.0,0.005,0.0,0.0,0.0,100000000,203536,0.00203536,0.001124075168671
22_Dark_Counts_5e-3,Opt_Kennedy,1.1625,1.0,0.005,0.0,0.0,0.0,100000000,468240,0.0046824,0.001124075168671
22_Dark_Counts_5e-3,Dolinar,1.2333333333333334,1.0,0.005,0.0,0.0,0.0,100000000,138187,0.00138187,0.0005698320948016
22_Dark_Counts_5e-3,Opt_Kennedy,1.2333333333333334,1.0,0.005,0.0,0.0,0.0,100000000,362180,0.0036218,0.0005698320948016
22_Dark_Counts_5e-3,Dolinar,1.3041666666666667,1.0,0.005,0.0,0.0,0.0,100000000,100900,0.001009,0.0002775749626994
22_Dark_Counts_5e-3,Opt_Kennedy,1.3041666666666667,1.0,0.005,0.0,0.0,0.0,100000000,304369,0.00304369,0.0002775749626994
22_Dark_Counts_5e-3,Dolinar,1.375,1.0,0.005,0.0,0.0,0.0,100000000,78953,0.00078953,0.000129910547289
22_Dark_Counts_5e-3,Opt_Kennedy,1.375,1.0,0.005,0.0,0.0,0.0,100000000,273909,0.00273909,0.000129910547289
22_Dark_Counts_5e-3,Dolinar,1.4458333333333333,1.0,0.005,0.0,0.0,0.0,100000000,65638,0.00065638,5.84130019065654e-05
22_Dark_Counts_5e-3,Opt_Kennedy,1.4458333333333333,1.0,0.005,0.0,0.0,0.0,100000000,259999,0.00259999,5.84130019065654e-05
22_Dark_Counts_5e-3,Dolinar,1.5166666666666666,1.0,0.005,0.0,0.0,0.0,100000000,56705,0.00056705,2.5232436221322985e-05
22_Dark_Counts_5e-3,Opt_Kennedy,1.5166666666666666,1.0,0.005,0.0,0.0,0.0,100000000,253925,0.00253925,2.5232436221322985e-05
22_Dark_Counts_5e-3,Dolinar,1.5875,1.0,0.005,0.0,0.0,0.0,100000000,51146,0.00051146,1.0470917661709043e-05
22_Dark_Counts_5e-3,Opt_Kennedy,1.5875,1.0,0.005,0.0,0.0,0.0,100000000,251763,0.00251763,1.0470917661709043e-05
22_Dark_Counts_5e-3,Dolinar,1.6583333333333334,1.0,0.005,0.0,0.0,0.0,100000000,45658,0.00045658,4.174282942914775e-06
22_Dark_Counts_5e-3,Opt_Kennedy,1.6583333333333334,1.0,0.005,0.0,0.0,0.0,100000000,250433,0.00250433,4.174282942914775e-06
22_Dark_Counts_5e-3,Dolinar,1.7291666666666667,1.0,0.005,0.0,0.0,0.0,100000000,42373,0.00042373,1.5986321398875347e-06
22_Dark_Counts_5e-3,Opt_Kennedy,1.7291666666666667,1.0,0.005,0.0,0.0,0.0,100000000,249717,0.00249717,1.5986321398875347e-06
22_Dark_Counts_5e-3,Dolinar,1.8,1.0,0.005,0.0,0.0,0.0,100000000,38789,0.00038789,5.88144145885483e-07
22_Dark_Counts_5e-3,Opt_Kennedy,1.8,1.0,0.005,0.0,0.0,0.0,100000000,249109,0.00249109,5.88144145885483e-07
23_Dark_Counts_1e-2,Dolinar,0.1,1.0,0.01,0.0,0.0,0.0,100000000,40200292,0.40200292,0.4009917164479698
23_Dark_Counts_1e-2,Opt_Kennedy,0.1,1.0,0.01,0.0,0.0,0.0,100000000,41566760,0.4156676,0.4009917164479698
23_Dark_Counts_1e-2,Dolinar,0.1708333333333333,1.0,0.01,0.0,0.0,0.0,100000000,33578020,0.3357802,0.334033117602116
23_Dark_Counts_1e-2,Opt_Kennedy,0.1708333333333333,1.0,0.01,0.0,0.0,0.0,100000000,35766689,0.35766689,0.334033117602116
23_Dark_Counts_1e-2,Dolinar,0.2416666666666666,1.0,0.01,0.0,0.0,0.0,100000000,27403550,0.2740355,0.2717838894607052
23_Dark_Counts_1e-2,Opt_Kennedy,0.2416666666666666,1.0,0.01,0.0,0.0,0.0,100000000,30259686,0.30259686,0.2717838894607052
23_Dark_Counts_1e-2,Dolinar,0.3125,1.0,0.01,0.0,0.0,0.0,100000000,21842177,0.21842177,0.2156735354217483
23_Dark_Counts_1e-2,Opt_Kennedy,0.3125,1.0,0.01,0.0,0.0,0.0,100000000,25113334,0.25113334,0.2156735354217483
23_Dark_Counts_1e-2,Dolinar,0.3833333333333333,1.0,0.01,0.0,0.0,0.0,100000000,16982944,0.16982944,0.1666685181642737
23_Dark_Counts_1e-2,Opt_Kennedy,0.3833333333333333,1.0,0.01,0.0,0.0,0.0,100000000,20419105,0.20419105,0.1666685181642737
23_Dark_Counts_1e-2,Dolinar,0.4541666666666666,1.0,0.01,0.0,0.0,0.0,100000000,12858255,0.12858255,0.1252349270996688
23_Dark_Counts_1e-2,Opt_Kennedy,0.4541666666666666,1.0,0.01,0.0,0.0,0.0,100000000,16256658,0.16256658,0.1252349270996688
23_Dark_Counts_1e-2,Dolinar,0.525,1.0,0.01,0.0,0.0,0.0,100000000,9484830,0.0948483,0.09135588385022
23_Dark_Counts_1e-2,Opt_Kennedy,0.525,1.0,0.01,0.0,0.0,0.0,100000000,12630033,0.12630033,0.09135588385022
23_Dark_Counts_1e-2,Dolinar,0.5958333333333333,1.0,0.01,0.0,0.0,0.0,100000000,6805847,0.06805847,0.0645970922766597
23_Dark_Counts_1e-2,Opt_Kennedy,0.5958333333333333,1.0,0.01,0.0,0.0,0.0,100000000,9571879,0.09571879,0.0645970922766597
23_Dark_Counts_1e-2,Dolinar,0.6666666666666666,1.0,0.01,0.0,0.0,0.0,100000000,4757927,0.04757927,0.0442076447015774
23_Dark_Counts_1e-2,Opt_Kennedy,0.6666666666666666,1.0,0.01,0.0,0.0,0.0,100000000,7067873,0.07067873,0.0442076447015774
23_Dark_Counts_1e-2,Dolinar,0.7374999999999999,1.0,0.01,0.0,0.0,0.0,100000000,3240895,0.03240895,0.0292392249664353
23_Dark_Counts_1e-2,Opt_Kennedy,0.7374999999999999,1.0,0.01,0.0,0.0,0.0,100000000,5089219,0.05089219,0.0292392249664353
23_Dark_Counts_1e-2,Dolinar,0.8083333333333332,1.0,0.01,0.0,0.0,0.0,100000000,2162229,0.02162229,0.0186657817140447
23_Dark_Counts_1e-2,Opt_Kennedy,0.8083333333333332,1.0,0.01,0.0,0.0,0.0,100000000,3585033,0.03585033,0.0186657817140447
23_Dark_Counts_1e-2,Dolinar,0.8791666666666667,1.0,0.01,0.0,0.0,0.0,100000000,1423343,0.01423343,0.0114877244351074
23_Dark_Counts_1e-2,Opt_Kennedy,0.8791666666666667,1.0,0.01,0.0,0.0,0.0,100000000,2488069,0.02488069,0.0114877244351074
23_Dark_Counts_1e-2,Dolinar,0.95,1.0,0.01,0.0,0.0,0.0,100000000,929659,0.00929659,0.0068093286735723
23_Dark_Counts_1e-2,Opt_Kennedy,0.95,1.0,0.01,0.0,0.0,0.0,100000000,1724029,0.01724029,0.0068093286735723
23_Dark_Counts_1e-2,Dolinar,1.0208333333333333,1.0,0.01,0.0,0.0,0.0,100000000,613836,0.00613836,0.0038843281395801
23_Dark_Counts_1e-2,Opt_Kennedy,1.0208333333333333,1.0,0.01,0.0,0.0,0.0,100000000,1219539,0.01219539,0.0038843281395801
23_Dark_Counts_1e-2,Dolinar,1.0916666666666668,1.0,0.01,0.0,0.0,0.0,100000000,414939,0.00414939,0.002131124707823
23_Dark_Counts_1e-2,Opt_Kennedy,1.0916666666666668,1.0,0.01,0.0,0.0,0.0,100000000,903679,0.00903679,0.002131124707823
23_Dark_Counts_1e-2,Dolinar,1.1625,1.0,0.01,0.0,0.0,0.0,100000000,293266,0.00293266,0.001124075168671
23_Dark_Counts_1e-2,Opt_Kennedy,1.1625,1.0,0.01,0.0,0.0,0.0,100000000,715445,0.00715445,0.001124075168671
23_Dark_Counts_1e-2,Dolinar,1.2333333333333334,1.0,0.01,0.0,0.0,0.0,100000000,219196,0.00219196,0.0005698320948016
23_Dark_Counts_1e-2,Opt_Kennedy,1.2333333333333334,1.0,0.01,0.0,0.0,0.0,100000000,608507,0.00608507,0.0005698320948016
23_Dark_Counts_1e-2,Dolinar,1.3041666666666667,1.0,0.01,0.0,0.0,0.0,100000000,174086,0.00174086,0.0002775749626994
23_Dark_Counts_1e-2,Opt_Kennedy,1.3041666666666667,1.0,0.01,0.0,0.0,0.0,100000000,552247,0.00552247,0.0002775749626994
23_Dark_Counts_1e-2,Dolinar,1.375,1.0,0.01,0.0,0.0,0.0,100000000,144611,0.00144611,0.000129910547289
23_Dark_Counts_1e-2,Opt_Kennedy,1.375,1.0,0.01,0.0,0.0,0.0,100000000,523199,0.00523199,0.000129910547289
23_Dark_Counts_1e-2,Dolinar,1.4458333333333333,1.0,0.01,0.0,0.0,0.0,100000000,125376,0.00125376,5.84130019065654e-05
23_Dark_Counts_1e-2,Opt_Kennedy,1.4458333333333333,1.0,0.01,0.0,0.0,0.0,100000000,509210,0.0050921,5.84130019065654e-05
23_Dark_Counts_1e-2,Dolinar,1.5166666666666666,1.0,0.01,0.0,0.0,0.0,100000000,110940,0.0011094,2.5232436221322985e-05
23_Dark_Counts_1e-2,Opt_Kennedy,1.5166666666666666,1.0,0.01,0.0,0.0,0.0,100000000,502598,0.00502598,2.5232436221322985e-05
23_Dark_Counts_1e-2,Dolinar,1.5875,1.0,0.01,0.0,0.0,0.0,100000000,100611,0.00100611,1.0470917661709043e-05
23_Dark_Counts_1e-2,Opt_Kennedy,1.5875,1.0,0.01,0.0,0.0,0.0,100000000,499802,0.00499802,1.0470917661709043e-05
23_Dark_Counts_1e-2,Dolinar,1.6583333333333334,1.0,0.01,0.0,0.0,0.0,100000000,91396,0.00091396,4.174282942914775e-06
23_Dark_Counts_1e-2,Opt_Kennedy,1.6583333333333334,1.0,0.01,0.0,0.0,0.0,100000000,499023,0.00499023,4.174282942914775e-06
23_Dark_Counts_1e-2,Dolinar,1.7291666666666667,1.0,0.01,0.0,0.0,0.0,100000000,83853,0.00083853,1.5986321398875347e-06
23_Dark_Counts_1e-2,Opt_Kennedy,1.7291666666666667,1.0,0.01,0.0,0.0,0.0,100000000,497530,0.0049753,1.5986321398875347e-06
23_Dark_Counts_1e-2,Dolinar,1.8,1.0,0.01,0.0,0.0,0.0,100000000,77521,0.00077521,5.88144145885483e-07
23_Dark_Counts_1e-2,Opt_Kennedy,1.8,1.0,0.01,0.0,0.0,0.0,100000000,497313,0.00497313,5.88144145885483e-07
24_Dark_Counts_5e-2,Dolinar,0.1,1.0,0.05,0.0,0.0,0.0,100000000,40578310,0.4057831,0.4009917164479698
24_Dark_Counts_5e-2,Opt_Kennedy,0.1,1.0,0.05,0.0,0.0,0.0,100000000,41904789,0.41904789,0.4009917164479698
24_Dark_Counts_5e-2,Dolinar,0.1708333333333333,1.0,0.05,0.0,0.0,0.0,100000000,34197231,0.34197231,0.334033117602116
24_Dark_Counts_5e-2,Opt_Kennedy,0.1708333333333333,1.0,0.05,0.0,0.0,0.0,100000000,36329613,0.36329613,0.334033117602116
24_Dark_Counts_5e-2,Dolinar,0.2416666666666666,1.0,0.05,0.0,0.0,0.0,100000000,28253536,0.28253536,0.2717838894607052
24_Dark_Counts_5e-2,Opt_Kennedy,0.2416666666666666,1.0,0.05,0.0,0.0,0.0,100000000,31022189,0.31022189,0.2717838894607052
24_Dark_Counts_5e-2,Dolinar,0.3125,1.0,0.05,0.0,0.0,0.0,100000000,22872963,0.22872963,0.2156735354217483
24_Dark_Counts_5e-2,Opt_Kennedy,0.3125,1.0,0.05,0.0,0.0,0.0,100000000,26082763,0.26082763,0.2156735354217483
24_Dark_Counts_5e-2,Dolinar,0.3833333333333333,1.0,0.05,0.0,0.0,0.0,100000000,18139870,0.1813987,0.1666685181642737
24_Dark_Counts_5e-2,Opt_Kennedy,0.3833333333333333,1.0,0.05,0.0,0.0,0.0,100000000,21577210,0.2157721,0.1666685181642737
24_Dark_Counts_5e-2,Dolinar,0.4541666666666666,1.0,0.05,0.0,0.0,0.0,100000000,14112576,0.14112576,0.1252349270996688
24_Dark_Counts_5e-2,Opt_Kennedy,0.4541666666666666,1.0,0.05,0.0,0.0,0.0,100000000,17574326,0.17574326,0.1252349270996688
24_Dark_Counts_5e-2,Dolinar,0.525,1.0,0.05,0.0,0.0,0.0,100000000,10776919,0.10776919,0.09135588385022
24_Dark_Counts_5e-2,Opt_Kennedy,0.525,1.0,0.05,0.0,0.0,0.0,100000000,14094229,0.14094229,0.09135588385022
24_Dark_Counts_5e-2,Dolinar,0.5958333333333333,1.0,0.05,0.0,0.0,0.0,100000000,8105066,0.08105066,0.0645970922766597
24_Dark_Counts_5e-2,Opt_Kennedy,0.5958333333333333,1.0,0.05,0.0,0.0,0.0,100000000,11158001,0.11158001,0.0645970922766597
24_Dark_Counts_5e-2,Dolinar,0.6666666666666666,1.0,0.05,0.0,0.0,0.0,100000000,6026428,0.06026428,0.0442076447015774
24_Dark_Counts_5e-2,Opt_Kennedy,0.6666666666666666,1.0,0.05,0.0,0.0,0.0,100000000,8758466,0.08758466,0.0442076447015774
24_Dark_Counts_5e-2,Dolinar,0.7374999999999999,1.0,0.05,0.0,0.0,0.0,100000000,4453435,0.04453435,0.0292392249664353
24_Dark_Counts_5e-2,Opt_Kennedy,0.7374999999999999,1.0,0.05,0.0,0.0,0.0,100000000,6853186,0.06853186,0.0292392249664353
24_Dark_Counts_5e-2,Dolinar,0.8083333333333332,1.0,0.05,0.0,0.0,0.0,100000000,3301430,0.0330143,0.0186657817140447
24_Dark_Counts_5e-2,Opt_Kennedy,0.8083333333333332,1.0,0.05,0.0,0.0,0.0,100000000,5406413,0.05406413,0.0186657817140447
24_Dark_Counts_5e-2,Dolinar,0.8791666666666667,1.0,0.05,0.0,0.0,0.0,100000000,2468853,0.02468853,0.0114877244351074
24_Dark_Counts_5e-2,Opt_Kennedy,0.8791666666666667,1.0,0.05,0.0,0.0,0.0,100000000,4352736,0.04352736,0.0114877244351074
24_Dark_Counts_5e-2,Dolinar,0.95,1.0,0.05,0.0,0.0,0.0,100000000,1889446,0.01889446,0.0068093286735723
24_Dark_Counts_5e-2,Opt_Kennedy,0.95,1.0,0.05,0.0,0.0,0.0,100000000,3615446,0.03615446,0.0068093286735723
24_Dark_Counts_5e-2,Dolinar,1.0208333333333333,1.0,0.05,0.0,0.0,0.0,100000000,1482973,0.01482973,0.0038843281395801
24_Dark_Counts_5e-2,Opt_Kennedy,1.0208333333333333,1.0,0.05,0.0,0.0,0.0,100000000,3130787,0.03130787,0.0038843281395801
24_Dark_Counts_5e-2,Dolinar,1.0916666666666668,1.0,0.05,0.0,0.0,0.0,100000000,1200036,0.01200036,0.002131124707823
24_Dark_Counts_5e-2,Opt_Kennedy,1.0916666666666668,1.0,0.05,0.0,0.0,0.0,100000000,2828885,0.02828885,0.002131124707823
24_Dark_Counts_5e-2,Dolinar,1.1625,1.0,0.05,0.0,0.0,0.0,100000000,1000425,0.01000425,0.001124075168671
24_Dark_Counts_5e-2,Opt_Kennedy,1.1625,1.0,0.05,0.0,0.0,0.0,100000000,2646710,0.0264671,0.001124075168671
24_Dark_Counts_5e-2,Dolinar,1.2333333333333334,1.0,0.05,0.0,0.0,0.0,100000000,857233,0.00857233,0.0005698320948016
24_Dark_Counts_5e-2,Opt_Kennedy,1.2333333333333334,1.0,0.05,0.0,0.0,0.0,100000000,2543839,0.02543839,0.0005698320948016
24_Dark_Counts_5e-2,Dolinar,1.3041666666666667,1.0,0.05,0.0,0.0,0.0,100000000,749891,0.00749891,0.0002775749626994
24_Dark_Counts_5e-2,Opt_Kennedy,1.3041666666666667,1.0,0.05,0.0,0.0,0.0,100000000,2490317,0.02490317,0.0002775749626994
24_Dark_Counts_5e-2,Dolinar,1.375,1.0,0.05,0.0,0.0,0.0,100000000,665251,0.00665251,0.000129910547289
24_Dark_Counts_5e-2,Opt_Kennedy,1.375,1.0,0.05,0.0,0.0,0.0,100000000,2463393,0.02463393,0.000129910547289
24_Dark_Counts_5e-2,Dolinar,1.4458333333333333,1.0,0.05,0.0,0.0,0.0,100000000,599445,0.00599445,5.84130019065654e-05
24_Dark_Counts_5e-2,Opt_Kennedy,1.4458333333333333,1.0,0.05,0.0,0.0,0.0,100000000,2447034,0.02447034,5.84130019065654e-05
24_Dark_Counts_5e-2,Dolinar,1.5166666666666666,1.0,0.05,0.0,0.0,0.0,100000000,542488,0.00542488,2.5232436221322985e-05
24_Dark_Counts_5e-2,Opt_Kennedy,1.5166666666666666,1.0,0.05,0.0,0.0,0.0,100000000,2443178,0.02443178,2.5232436221322985e-05
24_Dark_Counts_5e-2,Dolinar,1.5875,1.0,0.05,0.0,0.0,0.0,100000000,494157,0.00494157,1.0470917661709043e-05
24_Dark_Counts_5e-2,Opt_Kennedy,1.5875,1.0,0.05,0.0,0.0,0.0,100000000,2439882,0.02439882,1.0470917661709043e-05
24_Dark_Counts_5e-2,Dolinar,1.6583333333333334,1.0,0.05,0.0,0.0,0.0,100000000,453884,0.00453884,4.174282942914775e-06
24_Dark_Counts_5e-2,Opt_Kennedy,1.6583333333333334,1.0,0.05,0.0,0.0,0.0,100000000,2439052,0.02439052,4.174282942914775e-06
24_Dark_Counts_5e-2,Dolinar,1.7291666666666667,1.0,0.05,0.0,0.0,0.0,100000000,417229,0.00417229,1.5986321398875347e-06
24_Dark_Counts_5e-2,Opt_Kennedy,1.7291666666666667,1.0,0.05,0.0,0.0,0.0,100000000,2435871,0.02435871,1.5986321398875347e-06
24_Dark_Counts_5e-2,Dolinar,1.8,1.0,0.05,0.0,0.0,0.0,100000000,385251,0.00385251,5.88144145885483e-07
24_Dark_Counts_5e-2,Opt_Kennedy,1.8,1.0,0.05,0.0,0.0,0.0,100000000,2438774,0.02438774,5.88144145885483e-07
25_Dead_Time_0.5pct,Dolinar,0.1,1.0,0.0,0.0,0.005,0.0,100000000,40137493,0.40137493,0.4009917164479698
25_Dead_Time_0.5pct,Opt_Kennedy,0.1,1.0,0.0,0.0,0.005,0.0,100000000,41480408,0.41480408,0.4009917164479698
25_Dead_Time_0.5pct,Dolinar,0.1708333333333333,1.0,0.0,0.0,0.005,0.0,100000000,33454092,0.33454092,0.334033117602116
25_Dead_Time_0.5pct,Opt_Kennedy,0.1708333333333333,1.0,0.0,0.0,0.005,0.0,100000000,35624167,0.35624167,0.334033117602116
25_Dead_Time_0.5pct,Dolinar,0.2416666666666666,1.0,0.0,0.0,0.005,0.0,100000000,27260550,0.2726055,0.2717838894607052
25_Dead_Time_0.5pct,Opt_Kennedy,0.2416666666666666,1.0,0.0,0.0,0.005,0.0,100000000,30054869,0.30054869,0.2717838894607052
25_Dead_Time_0.5pct,Dolinar,0.3125,1.0,0.0,0.0,0.005,0.0,100000000,21653396,0.21653396,0.2156735354217483
25_Dead_Time_0.5pct,Opt_Kennedy,0.3125,1.0,0.0,0.0,0.005,0.0,100000000,24859914,0.24859914,0.2156735354217483
25_Dead_Time_0.5pct,Dolinar,0.3833333333333333,1.0,0.0,0.0,0.005,0.0,100000000,16757304,0.16757304,0.1666685181642737
25_Dead_Time_0.5pct,Opt_Kennedy,0.3833333333333333,1.0,0.0,0.0,0.005,0.0,100000000,20129765,0.20129765,0.1666685181642737
25_Dead_Time_0.5pct,Dolinar,0.4541666666666666,1.0,0.0,0.0,0.005,0.0,100000000,12615586,0.12615586,0.1252349270996688
25_Dead_Time_0.5pct,Opt_Kennedy,0.4541666666666666,1.0,0.0,0.0,0.005,0.0,100000000,15911727,0.15911727,0.1252349270996688
25_Dead_Time_0.5pct,Dolinar,0.525,1.0,0.0,0.0,0.005,0.0,100000000,9219928,0.09219928,0.09135588385022
25_Dead_Time_0.5pct,Opt_Kennedy,0.525,1.0,0.0,0.0,0.005,0.0,100000000,12254356,0.12254356,0.09135588385022
25_Dead_Time_0.5pct,Dolinar,0.5958333333333333,1.0,0.0,0.0,0.005,0.0,100000000,6527535,0.06527535,0.0645970922766597
25_Dead_Time_0.5pct,Opt_Kennedy,0.5958333333333333,1.0,0.0,0.0,0.005,0.0,100000000,9168546,0.09168546,0.0645970922766597
25_Dead_Time_0.5pct,Dolinar,0.6666666666666666,1.0,0.0,0.0,0.005,0.0,100000000,4478018,0.04478018,0.0442076447015774
25_Dead_Time_0.5pct,Opt_Kennedy,0.6666666666666666,1.0,0.0,0.0,0.005,0.0,100000000,6638414,0.06638414,0.0442076447015774
25_Dead_Time_0.5pct,Dolinar,0.7374999999999999,1.0,0.0,0.0,0.005,0.0,100000000,2968801,0.02968801,0.0292392249664353
25_Dead_Time_0.5pct,Opt_Kennedy,0.7374999999999999,1.0,0.0,0.0,0.005,0.0,100000000,4637036,0.04637036,0.0292392249664353
25_Dead_Time_0.5pct,Dolinar,0.8083333333333332,1.0,0.0,0.0,0.005,0.0,100000000,1902240,0.0190224,0.0186657817140447
25_Dead_Time_0.5pct,Opt_Kennedy,0.8083333333333332,1.0,0.0,0.0,0.005,0.0,100000000,3119334,0.03119334,0.0186657817140447
25_Dead_Time_0.5pct,Dolinar,0.8791666666666667,1.0,0.0,0.0,0.005,0.0,100000000,1173993,0.01173993,0.0114877244351074
25_Dead_Time_0.5pct,Opt_Kennedy,0.8791666666666667,1.0,0.0,0.0,0.005,0.0,100000000,2010852,0.02010852,0.0114877244351074
25_Dead_Time_0.5pct,Dolinar,0.95,1.0,0.0,0.0,0.005,0.0,100000000,696634,0.00696634,0.0068093286735723
25_Dead_Time_0.5pct,Opt_Kennedy,0.95,1.0,0.0,0.0,0.005,0.0,100000000,1236119,0.01236119,0.0068093286735723
25_Dead_Time_0.5pct,Dolinar,1.0208333333333333,1.0,0.0,0.0,0.005,0.0,100000000,397985,0.00397985,0.0038843281395801
25_Dead_Time_0.5pct,Opt_Kennedy,1.0208333333333333,1.0,0.0,0.0,0.005,0.0,100000000,728492,0.00728492,0.0038843281395801
25_Dead_Time_0.5pct,Dolinar,1.0916666666666668,1.0,0.0,0.0,0.005,0.0,100000000,219029,0.00219029,0.002131124707823
25_Dead_Time_0.5pct,Opt_Kennedy,1.0916666666666668,1.0,0.0,0.0,0.005,0.0,100000000,410032,0.00410032,0.002131124707823
25_Dead_Time_0.5pct,Dolinar,1.1625,1.0,0.0,0.0,0.005,0.0,100000000,115564,0.00115564,0.001124075168671
25_Dead_Time_0.5pct,Opt_Kennedy,1.1625,1.0,0.0,0.0,0.005,0.0,100000000,219225,0.00219225,0.001124075168671
25_Dead_Time_0.5pct,Dolinar,1.2333333333333334,1.0,0.0,0.0,0.005,0.0,100000000,59036,0.00059036,0.0005698320948016
25_Dead_Time_0.5pct,Opt_Kennedy,1.2333333333333334,1.0,0.0,0.0,0.005,0.0,100000000,112481,0.00112481,0.0005698320948016
25_Dead_Time_0.5pct,Dolinar,1.3041666666666667,1.0,0.0,0.0,0.005,0.0,100000000,28682,0.00028682,0.0002775749626994
25_Dead_Time_0.5pct,Opt_Kennedy,1.3041666666666667,1.0,0.0,0.0,0.005,0.0,100000000,54928,0.00054928,0.0002775749626994
25_Dead_Time_0.5pct,Dolinar,1.375,1.0,0.0,0.0,0.005,0.0,100000000,13500,0.000135,0.000129910547289
25_Dead_Time_0.5pct,Opt_Kennedy,1.375,1.0,0.0,0.0,0.005,0.0,100000000,25760,0.0002576,0.000129910547289
25_Dead_Time_0.5pct,Dolinar,1.4458333333333333,1.0,0.0,0.0,0.005,0.0,100000000,5991,5.991e-05,5.84130019065654e-05
25_Dead_Time_0.5pct,Opt_Kennedy,1.4458333333333333,1.0,0.0,0.0,0.005,0.0,100000000,11600,0.000116,5.84130019065654e-05
25_Dead_Time_0.5pct,Dolinar,1.5166666666666666,1.0,0.0,0.0,0.005,0.0,100000000,2641,2.641e-05,2.5232436221322985e-05
25_Dead_Time_0.5pct,Opt_Kennedy,1.5166666666666666,1.0,0.0,0.0,0.005,0.0,100000000,4964,4.964e-05,2.5232436221322985e-05
25_Dead_Time_0.5pct,Dolinar,1.5875,1.0,0.0,0.0,0.005,0.0,100000000,1116,1.116e-05,1.0470917661709043e-05
25_Dead_Time_0.5pct,Opt_Kennedy,1.5875,1.0,0.0,0.0,0.005,0.0,100000000,2108,2.108e-05,1.0470917661709043e-05
25_Dead_Time_0.5pct,Dolinar,1.6583333333333334,1.0,0.0,0.0,0.005,0.0,100000000,438,4.38e-06,4.174282942914775e-06
25_Dead_Time_0.5pct,Opt_Kennedy,1.6583333333333334,1.0,0.0,0.0,0.005,0.0,100000000,849,8.49e-06,4.174282942914775e-06
25_Dead_Time_0.5pct,Dolinar,1.7291666666666667,1.0,0.0,0.0,0.005,0.0,100000000,157,1.57e-06,1.5986321398875347e-06
25_Dead_Time_0.5pct,Opt_Kennedy,1.7291666666666667,1.0,0.0,0.0,0.005,0.0,100000000,331,3.31e-06,1.5986321398875347e-06
25_Dead_Time_0.5pct,Dolinar,1.8,1.0,0.0,0.0,0.005,0.0,100000000,72,7.2e-07,5.88144145885483e-07
25_Dead_Time_0.5pct,Opt_Kennedy,1.8,1.0,0.0,0.0,0.005,0.0,100000000,114,1.14e-06,5.88144145885483e-07
26_Dead_Time_1.0pct,Dolinar,0.1,1.0,0.0,0.0,0.01,0.0,100000000,40178221,0.40178221,0.4009917164479698
26_Dead_Time_1.0pct,Opt_Kennedy,0.1,1.0,0.0,0.0,0.01,0.0,100000000,41481134,0.41481134,0.4009917164479698
26_Dead_Time_1.0pct,Dolinar,0.1708333333333333,1.0,0.0,0.0,0.01,0.0,100000000,33531085,0.33531085,0.334033117602116
26_Dead_Time_1.0pct,Opt_Kennedy,0.1708333333333333,1.0,0.0,0.0,0.01,0.0,100000000,35630355,0.35630355,0.334033117602116
26_Dead_Time_1.0pct,Dolinar,0.2416666666666666,1.0,0.0,0.0,0.01,0.0,100000000,27342986,0.27342986,0.2717838894607052
26_Dead_Time_1.0pct,Opt_Kennedy,0.2416666666666666,1.0,0.0,0.0,0.01,0.0,100000000,30055031,0.30055031,0.2717838894607052
26_Dead_Time_1.0pct,Dolinar,0.3125,1.0,0.0,0.0,0.01,0.0,100000000,21745882,0.21745882,0.2156735354217483
26_Dead_Time_1.0pct,Opt_Kennedy,0.3125,1.0,0.0,0.0,0.01,0.0,100000000,24868508,0.24868508,0.2156735354217483
26_Dead_Time_1.0pct,Dolinar,0.3833333333333333,1.0,0.0,0.0,0.01,0.0,100000000,16853936,0.16853936,0.1666685181642737
26_Dead_Time_1.0pct,Opt_Kennedy,0.3833333333333333,1.0,0.0,0.0,0.01,0.0,100000000,20129020,0.2012902,0.1666685181642737
26_Dead_Time_1.0pct,Dolinar,0.4541666666666666,1.0,0.0,0.0,0.01,0.0,100000000,12705309,0.12705309,0.1252349270996688
26_Dead_Time_1.0pct,Opt_Kennedy,0.4541666666666666,1.0,0.0,0.0,0.01,0.0,100000000,15910078,0.15910078,0.1252349270996688
26_Dead_Time_1.0pct,Dolinar,0.525,1.0,0.0,0.0,0.01,0.0,100000000,9296548,0.09296548,0.09135588385022
26_Dead_Time_1.0pct,Opt_Kennedy,0.525,1.0,0.0,0.0,0.01,0.0,100000000,12251979,0.12251979,0.09135588385022
26_Dead_Time_1.0pct,Dolinar,0.5958333333333333,1.0,0.0,0.0,0.01,0.0,100000000,6605168,0.06605168,0.0645970922766597
26_Dead_Time_1.0pct,Opt_Kennedy,0.5958333333333333,1.0,0.0,0.0,0.01,0.0,100000000,9167117,0.09167117,0.0645970922766597
26_Dead_Time_1.0pct,Dolinar,0.6666666666666666,1.0,0.0,0.0,0.01,0.0,100000000,4536565,0.04536565,0.0442076447015774
26_Dead_Time_1.0pct,Opt_Kennedy,0.6666666666666666,1.0,0.0,0.0,0.01,0.0,100000000,6637885,0.06637885,0.0442076447015774
26_Dead_Time_1.0pct,Dolinar,0.7374999999999999,1.0,0.0,0.0,0.01,0.0,100000000,3016367,0.03016367,0.0292392249664353
26_Dead_Time_1.0pct,Opt_Kennedy,0.7374999999999999,1.0,0.0,0.0,0.01,0.0,100000000,4644646,0.04644646,0.0292392249664353
26_Dead_Time_1.0pct,Dolinar,0.8083333333333332,1.0,0.0,0.0,0.01,0.0,100000000,1933715,0.01933715,0.0186657817140447
26_Dead_Time_1.0pct,Opt_Kennedy,0.8083333333333332,1.0,0.0,0.0,0.01,0.0,100000000,3117829,0.03117829,0.0186657817140447
26_Dead_Time_1.0pct,Dolinar,0.8791666666666667,1.0,0.0,0.0,0.01,0.0,100000000,1197026,0.01197026,0.0114877244351074
26_Dead_Time_1.0pct,Opt_Kennedy,0.8791666666666667,1.0,0.0,0.0,0.01,0.0,100000000,2009970,0.0200997,0.0114877244351074
26_Dead_Time_1.0pct,Dolinar,0.95,1.0,0.0,0.0,0.01,0.0,100000000,713347,0.00713347,0.0068093286735723
26_Dead_Time_1.0pct,Opt_Kennedy,0.95,1.0,0.0,0.0,0.01,0.0,100000000,1239210,0.0123921,0.0068093286735723
26_Dead_Time_1.0pct,Dolinar,1.0208333333333333,1.0,0.0,0.0,0.01,0.0,100000000,410438,0.00410438,0.0038843281395801
26_Dead_Time_1.0pct,Opt_Kennedy,1.0208333333333333,1.0,0.0,0.0,0.01,0.0,100000000,728651,0.00728651,0.0038843281395801
26_Dead_Time_1.0pct,Dolinar,1.0916666666666668,1.0,0.0,0.0,0.01,0.0,100000000,225490,0.0022549,0.002131124707823
26_Dead_Time_1.0pct,Opt_Kennedy,1.0916666666666668,1.0,0.0,0.0,0.01,0.0,100000000,408515,0.00408515,0.002131124707823
26_Dead_Time_1.0pct,Dolinar,1.1625,1.0,0.0,0.0,0.01,0.0,100000000,119672,0.00119672,0.001124075168671
26_Dead_Time_1.0pct,Opt_Kennedy,1.1625,1.0,0.0,0.0,0.01,0.0,100000000,219492,0.00219492,0.001124075168671
26_Dead_Time_1.0pct,Dolinar,1.2333333333333334,1.0,0.0,0.0,0.01,0.0,100000000,60622,0.00060622,0.0005698320948016
26_Dead_Time_1.0pct,Opt_Kennedy,1.2333333333333334,1.0,0.0,0.0,0.01,0.0,100000000,112490,0.0011249,0.0005698320948016
26_Dead_Time_1.0pct,Dolinar,1.3041666666666667,1.0,0.0,0.0,0.01,0.0,100000000,30122,0.00030122,0.0002775749626994
26_Dead_Time_1.0pct,Opt_Kennedy,1.3041666666666667,1.0,0.0,0.0,0.01,0.0,100000000,55622,0.00055622,0.0002775749626994
26_Dead_Time_1.0pct,Dolinar,1.375,1.0,0.0,0.0,0.01,0.0,100000000,13945,0.00013945,0.000129910547289
26_Dead_Time_1.0pct,Opt_Kennedy,1.375,1.0,0.0,0.0,0.01,0.0,100000000,25761,0.00025761,0.000129910547289
26_Dead_Time_1.0pct,Dolinar,1.4458333333333333,1.0,0.0,0.0,0.01,0.0,100000000,6411,6.411e-05,5.84130019065654e-05
26_Dead_Time_1.0pct,Opt_Kennedy,1.4458333333333333,1.0,0.0,0.0,0.01,0.0,100000000,11754,0.00011754,5.84130019065654e-05
26_Dead_Time_1.0pct,Dolinar,1.5166666666666666,1.0,0.0,0.0,0.01,0.0,100000000,2869,2.869e-05,2.5232436221322985e-05
26_Dead_Time_1.0pct,Opt_Kennedy,1.5166666666666666,1.0,0.0,0.0,0.01,0.0,100000000,5050,5.05e-05,2.5232436221322985e-05
26_Dead_Time_1.0pct,Dolinar,1.5875,1.0,0.0,0.0,0.01,0.0,100000000,1211,1.211e-05,1.0470917661709043e-05
26_Dead_Time_1.0pct,Opt_Kennedy,1.5875,1.0,0.0,0.0,0.01,0.0,100000000,2109,2.109e-05,1.0470917661709043e-05
26_Dead_Time_1.0pct,Dolinar,1.6583333333333334,1.0,0.0,0.0,0.01,0.0,100000000,459,4.59e-06,4.174282942914775e-06
26_Dead_Time_1.0pct,Opt_Kennedy,1.6583333333333334,1.0,0.0,0.0,0.01,0.0,100000000,880,8.8e-06,4.174282942914775e-06
26_Dead_Time_1.0pct,Dolinar,1.7291666666666667,1.0,0.0,0.0,0.01,0.0,100000000,177,1.77e-06,1.5986321398875347e-06
26_Dead_Time_1.0pct,Opt_Kennedy,1.7291666666666667,1.0,0.0,0.0,0.01,0.0,100000000,333,3.33e-06,1.5986321398875347e-06
26_Dead_Time_1.0pct,Dolinar,1.8,1.0,0.0,0.0,0.01,0.0,100000000,69,6.9e-07,5.88144145885483e-07
26_Dead_Time_1.0pct,Opt_Kennedy,1.8,1.0,0.0,0.0,0.01,0.0,100000000,97,9.7e-07,5.88144145885483e-07
27_Dead_Time_2.0pct,Dolinar,0.1,1.0,0.0,0.0,0.02,0.0,100000000,40254999,0.40254999,0.4009917164479698
27_Dead_Time_2.0pct,Opt_Kennedy,0.1,1.0,0.0,0.0,0.02,0.0,100000000,41480241,0.41480241,0.4009917164479698
27_Dead_Time_2.0pct,Dolinar,0.1708333333333333,1.0,0.0,0.0,0.02,0.0,100000000,33653510,0.3365351,0.334033117602116
27_Dead_Time_2.0pct,Opt_Kennedy,0.1708333333333333,1.0,0.0,0.0,0.02,0.0,100000000,35620873,0.35620873,0.334033117602116
27_Dead_Time_2.0pct,Dolinar,0.2416666666666666,1.0,0.0,0.0,0.02,0.0,100000000,27495277,0.27495277,0.2717838894607052
27_Dead_Time_2.0pct,Opt_Kennedy,0.2416666666666666,1.0,0.0,0.0,0.02,0.0,100000000,30056135,0.30056135,0.2717838894607052
27_Dead_Time_2.0pct,Dolinar,0.3125,1.0,0.0,0.0,0.02,0.0,100000000,21919222,0.21919222,0.2156735354217483
27_Dead_Time_2.0pct,Opt_Kennedy,0.3125,1.0,0.0,0.0,0.02,0.0,100000000,24862995,0.24862995,0.2156735354217483
27_Dead_Time_2.0pct,Dolinar,0.3833333333333333,1.0,0.0,0.0,0.02,0.0,100000000,17038604,0.17038604,0.1666685181642737
27_Dead_Time_2.0pct,Opt_Kennedy,0.3833333333333333,1.0,0.0,0.0,0.02,0.0,100000000,20134206,0.20134206,0.1666685181642737
27_Dead_Time_2.0pct,Dolinar,0.4541666666666666,1.0,0.0,0.0,0.02,0.0,100000000,12888355,0.12888355,0.1252349270996688
27_Dead_Time_2.0pct,Opt_Kennedy,0.4541666666666666,1.0,0.0,0.0,0.02,0.0,100000000,15915051,0.15915051,0.1252349270996688
27_Dead_Time_2.0pct,Dolinar,0.525,1.0,0.0,0.0,0.02,0.0,100000000,9467873,0.09467873,0.09135588385022
27_Dead_Time_2.0pct,Opt_Kennedy,0.525,1.0,0.0,0.0,0.02,0.0,100000000,12259222,0.12259222,0.09135588385022
27_Dead_Time_2.0pct,Dolinar,0.5958333333333333,1.0,0.0,0.0,0.02,0.0,100000000,6750211,0.06750211,0.0645970922766597
27_Dead_Time_2.0pct,Opt_Kennedy,0.5958333333333333,1.0,0.0,0.0,0.02,0.0,100000000,9165580,0.0916558,0.0645970922766597
27_Dead_Time_2.0pct,Dolinar,0.6666666666666666,1.0,0.0,0.0,0.02,0.0,100000000,4656613,0.04656613,0.0442076447015774
27_Dead_Time_2.0pct,Opt_Kennedy,0.6666666666666666,1.0,0.0,0.0,0.02,0.0,100000000,6641396,0.06641396,0.0442076447015774
27_Dead_Time_2.0pct,Dolinar,0.7374999999999999,1.0,0.0,0.0,0.02,0.0,100000000,3106724,0.03106724,0.0292392249664353
27_Dead_Time_2.0pct,Opt_Kennedy,0.7374999999999999,1.0,0.0,0.0,0.02,0.0,100000000,4643047,0.04643047,0.0292392249664353
27_Dead_Time_2.0pct,Dolinar,0.8083333333333332,1.0,0.0,0.0,0.02,0.0,100000000,2004216,0.02004216,0.0186657817140447
27_Dead_Time_2.0pct,Opt_Kennedy,0.8083333333333332,1.0,0.0,0.0,0.02,0.0,100000000,3121865,0.03121865,0.0186657817140447
27_Dead_Time_2.0pct,Dolinar,0.8791666666666667,1.0,0.0,0.0,0.02,0.0,100000000,1244623,0.01244623,0.0114877244351074
27_Dead_Time_2.0pct,Opt_Kennedy,0.8791666666666667,1.0,0.0,0.0,0.02,0.0,100000000,2011683,0.02011683,0.0114877244351074
27_Dead_Time_2.0pct,Dolinar,0.95,1.0,0.0,0.0,0.02,0.0,100000000,746808,0.00746808,0.0068093286735723
27_Dead_Time_2.0pct,Opt_Kennedy,0.95,1.0,0.0,0.0,0.02,0.0,100000000,1238999,0.01238999,0.0068093286735723
27_Dead_Time_2.0pct,Dolinar,1.0208333333333333,1.0,0.0,0.0,0.02,0.0,100000000,430928,0.00430928,0.0038843281395801
27_Dead_Time_2.0pct,Opt_Kennedy,1.0208333333333333,1.0,0.0,0.0,0.02,0.0,100000000,729284,0.00729284,0.0038843281395801
27_Dead_Time_2.0pct,Dolinar,1.0916666666666668,1.0,0.0,0.0,0.02,0.0,100000000,239712,0.00239712,0.002131124707823
27_Dead_Time_2.0pct,Opt_Kennedy,1.0916666666666668,1.0,0.0,0.0,0.02,0.0,100000000,408512,0.00408512,0.002131124707823
27_Dead_Time_2.0pct,Dolinar,1.1625,1.0,0.0,0.0,0.02,0.0,100000000,127863,0.00127863,0.001124075168671
27_Dead_Time_2.0pct,Opt_Kennedy,1.1625,1.0,0.0,0.0,0.02,0.0,100000000,218837,0.00218837,0.001124075168671
27_Dead_Time_2.0pct,Dolinar,1.2333333333333334,1.0,0.0,0.0,0.02,0.0,100000000,65993,0.00065993,0.0005698320948016
27_Dead_Time_2.0pct,Opt_Kennedy,1.2333333333333334,1.0,0.0,0.0,0.02,0.0,100000000,112327,0.00112327,0.0005698320948016
27_Dead_Time_2.0pct,Dolinar,1.3041666666666667,1.0,0.0,0.0,0.02,0.0,100000000,32350,0.0003235,0.0002775749626994
27_Dead_Time_2.0pct,Opt_Kennedy,1.3041666666666667,1.0,0.0,0.0,0.02,0.0,100000000,54578,0.00054578,0.0002775749626994
27_Dead_Time_2.0pct,Dolinar,1.375,1.0,0.0,0.0,0.02,0.0,100000000,15656,0.00015656,0.000129910547289
27_Dead_Time_2.0pct,Opt_Kennedy,1.375,1.0,0.0,0.0,0.02,0.0,100000000,25702,0.00025702,0.000129910547289
27_Dead_Time_2.0pct,Dolinar,1.4458333333333333,1.0,0.0,0.0,0.02,0.0,100000000,7142,7.142e-05,5.84130019065654e-05
27_Dead_Time_2.0pct,Opt_Kennedy,1.4458333333333333,1.0,0.0,0.0,0.02,0.0,100000000,11709,0.00011709,5.84130019065654e-05
27_Dead_Time_2.0pct,Dolinar,1.5166666666666666,1.0,0.0,0.0,0.02,0.0,100000000,3013,3.013e-05,2.5232436221322985e-05
27_Dead_Time_2.0pct,Opt_Kennedy,1.5166666666666666,1.0,0.0,0.0,0.02,0.0,100000000,5059,5.059e-05,2.5232436221322985e-05
27_Dead_Time_2.0pct,Dolinar,1.5875,1.0,0.0,0.0,0.02,0.0,100000000,1328,1.328e-05,1.0470917661709043e-05
27_Dead_Time_2.0pct,Opt_Kennedy,1.5875,1.0,0.0,0.0,0.02,0.0,100000000,2092,2.092e-05,1.0470917661709043e-05
27_Dead_Time_2.0pct,Dolinar,1.6583333333333334,1.0,0.0,0.0,0.02,0.0,100000000,517,5.17e-06,4.174282942914775e-06
27_Dead_Time_2.0pct,Opt_Kennedy,1.6583333333333334,1.0,0.0,0.0,0.02,0.0,100000000,829,8.29e-06,4.174282942914775e-06
27_Dead_Time_2.0pct,Dolinar,1.7291666666666667,1.0,0.0,0.0,0.02,0.0,100000000,230,2.3e-06,1.5986321398875347e-06
27_Dead_Time_2.0pct,Opt_Kennedy,1.7291666666666667,1.0,0.0,0.0,0.02,0.0,100000000,330,3.3e-06,1.5986321398875347e-06
27_Dead_Time_2.0pct,Dolinar,1.8,1.0,0.0,0.0,0.02,0.0,100000000,84,8.4e-07,5.88144145885483e-07
27_Dead_Time_2.0pct,Opt_Kennedy,1.8,1.0,0.0,0.0,0.02,0.0,100000000,84,8.4e-07,5.88144145885483e-07
28_Dead_Time_3.0pct,Dolinar,0.1,1.0,0.0,0.0,0.03,0.0,100000000,40330036,0.40330036,0.4009917164479698
28_Dead_Time_3.0pct,Opt_Kennedy,0.1,1.0,0.0,0.0,0.03,0.0,100000000,41487582,0.41487582,0.4009917164479698
28_Dead_Time_3.0pct,Dolinar,0.1708333333333333,1.0,0.0,0.0,0.03,0.0,100000000,33770845,0.33770845,0.334033117602116
28_Dead_Time_3.0pct,Opt_Kennedy,0.1708333333333333,1.0,0.0,0.0,0.03,0.0,100000000,35623531,0.35623531,0.334033117602116
28_Dead_Time_3.0pct,Dolinar,0.2416666666666666,1.0,0.0,0.0,0.03,0.0,100000000,27653024,0.27653024,0.2717838894607052
28_Dead_Time_3.0pct,Opt_Kennedy,0.2416666666666666,1.0,0.0,0.0,0.03,0.0,100000000,30049882,0.30049882,0.2717838894607052
28_Dead_Time_3.0pct,Dolinar,0.3125,1.0,0.0,0.0,0.03,0.0,100000000,22106081,0.22106081,0.2156735354217483
28_Dead_Time_3.0pct,Opt_Kennedy,0.3125,1.0,0.0,0.0,0.03,0.0,100000000,24863306,0.24863306,0.2156735354217483
28_Dead_Time_3.0pct,Dolinar,0.3833333333333333,1.0,0.0,0.0,0.03,0.0,100000000,17222605,0.17222605,0.1666685181642737
28_Dead_Time_3.0pct,Opt_Kennedy,0.3833333333333333,1.0,0.0,0.0,0.03,0.0,100000000,20127535,0.20127535,0.1666685181642737
28_Dead_Time_3.0pct,Dolinar,0.4541666666666666,1.0,0.0,0.0,0.03,0.0,100000000,13071860,0.1307186,0.1252349270996688
28_Dead_Time_3.0pct,Opt_Kennedy,0.4541666666666666,1.0,0.0,0.0,0.03,0.0,100000000,15911376,0.15911376,0.1252349270996688
28_Dead_Time_3.0pct,Dolinar,0.525,1.0,0.0,0.0,0.03,0.0,100000000,9637918,0.09637918,0.09135588385022
28_Dead_Time_3.0pct,Opt_Kennedy,0.525,1.0,0.0,0.0,0.03,0.0,100000000,12253765,0.12253765,0.09135588385022
28_Dead_Time_3.0pct,Dolinar,0.5958333333333333,1.0,0.0,0.0,0.03,0.0,100000000,6891311,0.06891311,0.0645970922766597
28_Dead_Time_3.0pct,Opt_Kennedy,0.5958333333333333,1.0,0.0,0.0,0.03,0.0,100000000,9168275,0.09168275,0.0645970922766597
28_Dead_Time_3.0pct,Dolinar,0.6666666666666666,1.0,0.0,0.0,0.03,0.0,100000000,4777898,0.04777898,0.0442076447015774
28_Dead_Time_3.0pct,Opt_Kennedy,0.6666666666666666,1.0,0.0,0.0,0.03,0.0,100000000,6636830,0.0663683,0.0442076447015774
28_Dead_Time_3.0pct,Dolinar,0.7374999999999999,1.0,0.0,0.0,0.03,0.0,100000000,3204231,0.03204231,0.0292392249664353
28_Dead_Time_3.0pct,Opt_Kennedy,0.7374999999999999,1.0,0.0,0.0,0.03,0.0,100000000,4642162,0.04642162,0.0292392249664353
28_Dead_Time_3.0pct,Dolinar,0.8083333333333332,1.0,0.0,0.0,0.03,0.0,100000000,2077230,0.0207723,0.0186657817140447
28_Dead_Time_3.0pct,Opt_Kennedy,0.8083333333333332,1.0,0.0,0.0,0.03,0.0,100000000,3119560,0.0311956,0.0186657817140447
28_Dead_Time_3.0pct,Dolinar,0.8791666666666667,1.0,0.0,0.0,0.03,0.0,100000000,1296253,0.01296253,0.0114877244351074
28_Dead_Time_3.0pct,Opt_Kennedy,0.8791666666666667,1.0,0.0,0.0,0.03,0.0,100000000,2009275,0.02009275,0.0114877244351074
28_Dead_Time_3.0pct,Dolinar,0.95,1.0,0.0,0.0,0.03,0.0,100000000,782204,0.00782204,0.0068093286735723
28_Dead_Time_3.0pct,Opt_Kennedy,0.95,1.0,0.0,0.0,0.03,0.0,100000000,1237930,0.0123793,0.0068093286735723
28_Dead_Time_3.0pct,Dolinar,1.0208333333333333,1.0,0.0,0.0,0.03,0.0,100000000,452982,0.00452982,0.0038843281395801
28_Dead_Time_3.0pct,Opt_Kennedy,1.0208333333333333,1.0,0.0,0.0,0.03,0.0,100000000,729346,0.00729346,0.0038843281395801
28_Dead_Time_3.0pct,Dolinar,1.0916666666666668,1.0,0.0,0.0,0.03,0.0,100000000,253050,0.0025305,0.002131124707823
28_Dead_Time_3.0pct,Opt_Kennedy,1.0916666666666668,1.0,0.0,0.0,0.03,0.0,100000000,409236,0.00409236,0.002131124707823
28_Dead_Time_3.0pct,Dolinar,1.1625,1.0,0.0,0.0,0.03,0.0,100000000,136263,0.00136263,0.001124075168671
28_Dead_Time_3.0pct,Opt_Kennedy,1.1625,1.0,0.0,0.0,0.03,0.0,100000000,219890,0.0021989,0.001124075168671
28_Dead_Time_3.0pct,Dolinar,1.2333333333333334,1.0,0.0,0.0,0.03,0.0,100000000,70632,0.00070632,0.0005698320948016
28_Dead_Time_3.0pct,Opt_Kennedy,1.2333333333333334,1.0,0.0,0.0,0.03,0.0,100000000,112734,0.00112734,0.0005698320948016
28_Dead_Time_3.0pct,Dolinar,1.3041666666666667,1.0,0.0,0.0,0.03,0.0,100000000,34994,0.00034994,0.0002775749626994
28_Dead_Time_3.0pct,Opt_Kennedy,1.3041666666666667,1.0,0.0,0.0,0.03,0.0,100000000,55066,0.00055066,0.0002775749626994
28_Dead_Time_3.0pct,Dolinar,1.375,1.0,0.0,0.0,0.03,0.0,100000000,16639,0.00016639,0.000129910547289
28_Dead_Time_3.0pct,Opt_Kennedy,1.375,1.0,0.0,0.0,0.03,0.0,100000000,25527,0.00025527,0.000129910547289
28_Dead_Time_3.0pct,Dolinar,1.4458333333333333,1.0,0.0,0.0,0.03,0.0,100000000,7639,7.639e-05,5.84130019065654e-05
28_Dead_Time_3.0pct,Opt_Kennedy,1.4458333333333333,1.0,0.0,0.0,0.03,0.0,100000000,11673,0.00011673,5.84130019065654e-05
28_Dead_Time_3.0pct,Dolinar,1.5166666666666666,1.0,0.0,0.0,0.03,0.0,100000000,3353,3.353e-05,2.5232436221322985e-05
28_Dead_Time_3.0pct,Opt_Kennedy,1.5166666666666666,1.0,0.0,0.0,0.03,0.0,100000000,4998,4.998e-05,2.5232436221322985e-05
28_Dead_Time_3.0pct,Dolinar,1.5875,1.0,0.0,0.0,0.03,0.0,100000000,1450,1.45e-05,1.0470917661709043e-05
28_Dead_Time_3.0pct,Opt_Kennedy,1.5875,1.0,0.0,0.0,0.03,0.0,100000000,2082,2.082e-05,1.0470917661709043e-05
28_Dead_Time_3.0pct,Dolinar,1.6583333333333334,1.0,0.0,0.0,0.03,0.0,100000000,608,6.08e-06,4.174282942914775e-06
28_Dead_Time_3.0pct,Opt_Kennedy,1.6583333333333334,1.0,0.0,0.0,0.03,0.0,100000000,813,8.13e-06,4.174282942914775e-06
28_Dead_Time_3.0pct,Dolinar,1.7291666666666667,1.0,0.0,0.0,0.03,0.0,100000000,221,2.21e-06,1.5986321398875347e-06
28_Dead_Time_3.0pct,Opt_Kennedy,1.7291666666666667,1.0,0.0,0.0,0.03,0.0,100000000,306,3.06e-06,1.5986321398875347e-06
28_Dead_Time_3.0pct,Dolinar,1.8,1.0,0.0,0.0,0.03,0.0,100000000,76,7.6e-07,5.88144145885483e-07
28_Dead_Time_3.0pct,Opt_Kennedy,1.8,1.0,0.0,0.0,0.03,0.0,100000000,135,1.35e-06,5.88144145885483e-07
29_Dead_Time_5.0pct,Dolinar,0.1,1.0,0.0,0.0,0.05,0.0,100000000,40468885,0.40468885,0.4009917164479698
29_Dead_Time_5.0pct,Opt_Kennedy,0.1,1.0,0.0,0.0,0.05,0.0,100000000,41485067,0.41485067,0.4009917164479698
29_Dead_Time_5.0pct,Dolinar,0.1708333333333333,1.0,0.0,0.0,0.05,0.0,100000000,34007477,0.34007477,0.334033117602116
29_Dead_Time_5.0pct,Opt_Kennedy,0.1708333333333333,1.0,0.0,0.0,0.05,0.0,100000000,35629719,0.35629719,0.334033117602116
29_Dead_Time_5.0pct,Dolinar,0.2416666666666666,1.0,0.0,0.0,0.05,0.0,100000000,27955913,0.27955913,0.2717838894607052
29_Dead_Time_5.0pct,Opt_Kennedy,0.2416666666666666,1.0,0.0,0.0,0.05,0.0,100000000,30053511,0.30053511,0.2717838894607052
29_Dead_Time_5.0pct,Dolinar,0.3125,1.0,0.0,0.0,0.05,0.0,100000000,22469176,0.22469176,0.2156735354217483
29_Dead_Time_5.0pct,Opt_Kennedy,0.3125,1.0,0.0,0.0,0.05,0.0,100000000,24863236,0.24863236,0.2156735354217483
29_Dead_Time_5.0pct,Dolinar,0.3833333333333333,1.0,0.0,0.0,0.05,0.0,100000000,17587498,0.17587498,0.1666685181642737
29_Dead_Time_5.0pct,Opt_Kennedy,0.3833333333333333,1.0,0.0,0.0,0.05,0.0,100000000,20126746,0.20126746,0.1666685181642737
29_Dead_Time_5.0pct,Dolinar,0.4541666666666666,1.0,0.0,0.0,0.05,0.0,100000000,13431778,0.13431778,0.1252349270996688
29_Dead_Time_5.0pct,Opt_Kennedy,0.4541666666666666,1.0,0.0,0.0,0.05,0.0,100000000,15909361,0.15909361,0.1252349270996688
29_Dead_Time_5.0pct,Dolinar,0.525,1.0,0.0,0.0,0.05,0.0,100000000,9969115,0.09969115,0.09135588385022
29_Dead_Time_5.0pct,Opt_Kennedy,0.525,1.0,0.0,0.0,0.05,0.0,100000000,12253267,0.12253267,0.09135588385022
29_Dead_Time_5.0pct,Dolinar,0.5958333333333333,1.0,0.0,0.0,0.05,0.0,100000000,7186237,0.07186237,0.0645970922766597
29_Dead_Time_5.0pct,Opt_Kennedy,0.5958333333333333,1.0,0.0,0.0,0.05,0.0,100000000,9163132,0.09163132,0.0645970922766597
29_Dead_Time_5.0pct,Dolinar,0.6666666666666666,1.0,0.0,0.0,0.05,0.0,100000000,5025639,0.05025639,0.0442076447015774
29_Dead_Time_5.0pct,Opt_Kennedy,0.6666666666666666,1.0,0.0,0.0,0.05,0.0,100000000,6636709,0.06636709,0.0442076447015774
29_Dead_Time_5.0pct,Dolinar,0.7374999999999999,1.0,0.0,0.0,0.05,0.0,100000000,3401519,0.03401519,0.0292392249664353
29_Dead_Time_5.0pct,Opt_Kennedy,0.7374999999999999,1.0,0.0,0.0,0.05,0.0,100000000,4640558,0.04640558,0.0292392249664353
29_Dead_Time_5.0pct,Dolinar,0.8083333333333332,1.0,0.0,0.0,0.05,0.0,100000000,2222870,0.0222287,0.0186657817140447
29_Dead_Time_5.0pct,Opt_Kennedy,0.8083333333333332,1.0,0.0,0.0,0.05,0.0,100000000,3118425,0.03118425,0.0186657817140447
29_Dead_Time_5.0pct,Dolinar,0.8791666666666667,1.0,0.0,0.0,0.05,0.0,100000000,1404515,0.01404515,0.0114877244351074
29_Dead_Time_5.0pct,Opt_Kennedy,0.8791666666666667,1.0,0.0,0.0,0.05,0.0,100000000,2011339,0.02011339,0.0114877244351074
29_Dead_Time_5.0pct,Dolinar,0.95,1.0,0.0,0.0,0.05,0.0,100000000,855218,0.00855218,0.0068093286735723
29_Dead_Time_5.0pct,Opt_Kennedy,0.95,1.0,0.0,0.0,0.05,0.0,100000000,1238860,0.0123886,0.0068093286735723
29_Dead_Time_5.0pct,Dolinar,1.0208333333333333,1.0,0.0,0.0,0.05,0.0,100000000,500817,0.00500817,0.0038843281395801
29_Dead_Time_5.0pct,Opt_Kennedy,1.0208333333333333,1.0,0.0,0.0,0.05,0.0,100000000,730419,0.00730419,0.0038843281395801
29_Dead_Time_5.0pct,Dolinar,1.0916666666666668,1.0,0.0,0.0,0.05,0.0,100000000,283816,0.00283816,0.002131124707823
29_Dead_Time_5.0pct,Opt_Kennedy,1.0916666666666668,1.0,0.0,0.0,0.05,0.0,100000000,409056,0.00409056,0.002131124707823
29_Dead_Time_5.0pct,Dolinar,1.1625,1.0,0.0,0.0,0.05,0.0,100000000,154139,0.00154139,0.001124075168671
29_Dead_Time_5.0pct,Opt_Kennedy,1.1625,1.0,0.0,0.0,0.05,0.0,100000000,219203,0.00219203,0.001124075168671
29_Dead_Time_5.0pct,Dolinar,1.2333333333333334,1.0,0.0,0.0,0.05,0.0,100000000,81163,0.00081163,0.0005698320948016
29_Dead_Time_5.0pct,Opt_Kennedy,1.2333333333333334,1.0,0.0,0.0,0.05,0.0,100000000,112351,0.00112351,0.0005698320948016
29_Dead_Time_5.0pct,Dolinar,1.3041666666666667,1.0,0.0,0.0,0.05,0.0,100000000,41089,0.00041089,0.0002775749626994
29_Dead_Time_5.0pct,Opt_Kennedy,1.3041666666666667,1.0,0.0,0.0,0.05,0.0,100000000,55122,0.00055122,0.0002775749626994
29_Dead_Time_5.0pct,Dolinar,1.375,1.0,0.0,0.0,0.05,0.0,100000000,19793,0.00019793,0.000129910547289
29_Dead_Time_5.0pct,Opt_Kennedy,1.375,1.0,0.0,0.0,0.05,0.0,100000000,25978,0.00025978,0.000129910547289
29_Dead_Time_5.0pct,Dolinar,1.4458333333333333,1.0,0.0,0.0,0.05,0.0,100000000,9245,9.245e-05,5.84130019065654e-05
29_Dead_Time_5.0pct,Opt_Kennedy,1.4458333333333333,1.0,0.0,0.0,0.05,0.0,100000000,11620,0.0001162,5.84130019065654e-05
29_Dead_Time_5.0pct,Dolinar,1.5166666666666666,1.0,0.0,0.0,0.05,0.0,100000000,4084,4.084e-05,2.5232436221322985e-05
29_Dead_Time_5.0pct,Opt_Kennedy,1.5166666666666666,1.0,0.0,0.0,0.05,0.0,100000000,4981,4.981e-05,2.5232436221322985e-05
29_Dead_Time_5.0pct,Dolinar,1.5875,1.0,0.0,0.0,0.05,0.0,100000000,1722,1.722e-05,1.0470917661709043e-05
29_Dead_Time_5.0pct,Opt_Kennedy,1.5875,1.0,0.0,0.0,0.05,0.0,100000000,2129,2.129e-05,1.0470917661709043e-05
29_Dead_Time_5.0pct,Dolinar,1.6583333333333334,1.0,0.0,0.0,0.05,0.0,100000000,708,7.08e-06,4.174282942914775e-06
29_Dead_Time_5.0pct,Opt_Kennedy,1.6583333333333334,1.0,0.0,0.0,0.05,0.0,100000000,878,8.78e-06,4.174282942914775e-06
29_Dead_Time_5.0pct,Dolinar,1.7291666666666667,1.0,0.0,0.0,0.05,0.0,100000000,290,2.9e-06,1.5986321398875347e-06
29_Dead_Time_5.0pct,Opt_Kennedy,1.7291666666666667,1.0,0.0,0.0,0.05,0.0,100000000,293,2.93e-06,1.5986321398875347e-06
29_Dead_Time_5.0pct,Dolinar,1.8,1.0,0.0,0.0,0.05,0.0,100000000,95,9.5e-07,5.88144145885483e-07
29_Dead_Time_5.0pct,Opt_Kennedy,1.8,1.0,0.0,0.0,0.05,0.0,100000000,108,1.08e-06,5.88144145885483e-07
30_Dead_Time_8.0pct,Dolinar,0.1,1.0,0.0,0.0,0.08,0.0,100000000,40697225,0.40697225,0.4009917164479698
30_Dead_Time_8.0pct,Opt_Kennedy,0.1,1.0,0.0,0.0,0.08,0.0,100000000,41478098,0.41478098,0.4009917164479698
30_Dead_Time_8.0pct,Dolinar,0.1708333333333333,1.0,0.0,0.0,0.08,0.0,100000000,34354705,0.34354705,0.334033117602116
30_Dead_Time_8.0pct,Opt_Kennedy,0.1708333333333333,1.0,0.0,0.0,0.08,0.0,100000000,35617556,0.35617556,0.334033117602116
30_Dead_Time_8.0pct,Dolinar,0.2416666666666666,1.0,0.0,0.0,0.08,0.0,100000000,28412966,0.28412966,0.2717838894607052
30_Dead_Time_8.0pct,Opt_Kennedy,0.2416666666666666,1.0,0.0,0.0,0.08,0.0,100000000,30054778,0.30054778,0.2717838894607052
30_Dead_Time_8.0pct,Dolinar,0.3125,1.0,0.0,0.0,0.08,0.0,100000000,22970775,0.22970775,0.2156735354217483
30_Dead_Time_8.0pct,Opt_Kennedy,0.3125,1.0,0.0,0.0,0.08,0.0,100000000,24865793,0.24865793,0.2156735354217483
30_Dead_Time_8.0pct,Dolinar,0.3833333333333333,1.0,0.0,0.0,0.08,0.0,100000000,18156449,0.18156449,0.1666685181642737
30_Dead_Time_8.0pct,Opt_Kennedy,0.3833333333333333,1.0,0.0,0.0,0.08,0.0,100000000,20124803,0.20124803,0.1666685181642737
30_Dead_Time_8.0pct,Dolinar,0.4541666666666666,1.0,0.0,0.0,0.08,0.0,100000000,13979677,0.13979677,0.1252349270996688
30_Dead_Time_8.0pct,Opt_Kennedy,0.4541666666666666,1.0,0.0,0.0,0.08,0.0,100000000,15912934,0.15912934,0.1252349270996688
30_Dead_Time_8.0pct,Dolinar,0.525,1.0,0.0,0.0,0.08,0.0,100000000,10480382,0.10480382,0.09135588385022
30_Dead_Time_8.0pct,Opt_Kennedy,0.525,1.0,0.0,0.0,0.08,0.0,100000000,12256005,0.12256005,0.09135588385022
30_Dead_Time_8.0pct,Dolinar,0.5958333333333333,1.0,0.0,0.0,0.08,0.0,100000000,7640512,0.07640512,0.0645970922766597
30_Dead_Time_8.0pct,Opt_Kennedy,0.5958333333333333,1.0,0.0,0.0,0.08,0.0,100000000,9169615,0.09169615,0.0645970922766597
30_Dead_Time_8.0pct,Dolinar,0.6666666666666666,1.0,0.0,0.0,0.08,0.0,100000000,5405258,0.05405258,0.0442076447015774
30_Dead_Time_8.0pct,Opt_Kennedy,0.6666666666666666,1.0,0.0,0.0,0.08,0.0,100000000,6638395,0.06638395,0.0442076447015774
30_Dead_Time_8.0pct,Dolinar,0.7374999999999999,1.0,0.0,0.0,0.08,0.0,100000000,3705024,0.03705024,0.0292392249664353
30_Dead_Time_8.0pct,Opt_Kennedy,0.7374999999999999,1.0,0.0,0.0,0.08,0.0,100000000,4638062,0.04638062,0.0292392249664353
30_Dead_Time_8.0pct,Dolinar,0.8083333333333332,1.0,0.0,0.0,0.08,0.0,100000000,2458173,0.02458173,0.0186657817140447
30_Dead_Time_8.0pct,Opt_Kennedy,0.8083333333333332,1.0,0.0,0.0,0.08,0.0,100000000,3118885,0.03118885,0.0186657817140447
30_Dead_Time_8.0pct,Dolinar,0.8791666666666667,1.0,0.0,0.0,0.08,0.0,100000000,1574622,0.01574622,0.0114877244351074
30_Dead_Time_8.0pct,Opt_Kennedy,0.8791666666666667,1.0,0.0,0.0,0.08,0.0,100000000,2008732,0.02008732,0.0114877244351074
30_Dead_Time_8.0pct,Dolinar,0.95,1.0,0.0,0.0,0.08,0.0,100000000,972709,0.00972709,0.0068093286735723
30_Dead_Time_8.0pct,Opt_Kennedy,0.95,1.0,0.0,0.0,0.08,0.0,100000000,1240063,0.01240063,0.0068093286735723
30_Dead_Time_8.0pct,Dolinar,1.0208333333333333,1.0,0.0,0.0,0.08,0.0,100000000,580795,0.00580795,0.0038843281395801
30_Dead_Time_8.0pct,Opt_Kennedy,1.0208333333333333,1.0,0.0,0.0,0.08,0.0,100000000,728160,0.0072816,0.0038843281395801
30_Dead_Time_8.0pct,Dolinar,1.0916666666666668,1.0,0.0,0.0,0.08,0.0,100000000,334548,0.00334548,0.002131124707823
30_Dead_Time_8.0pct,Opt_Kennedy,1.0916666666666668,1.0,0.0,0.0,0.08,0.0,100000000,409174,0.00409174,0.002131124707823
30_Dead_Time_8.0pct,Dolinar,1.1625,1.0,0.0,0.0,0.08,0.0,100000000,184783,0.00184783,0.001124075168671
30_Dead_Time_8.0pct,Opt_Kennedy,1.1625,1.0,0.0,0.0,0.08,0.0,100000000,219691,0.00219691,0.001124075168671
30_Dead_Time_8.0pct,Dolinar,1.2333333333333334,1.0,0.0,0.0,0.08,0.0,100000000,99089,0.00099089,0.0005698320948016
30_Dead_Time_8.0pct,Opt_Kennedy,1.2333333333333334,1.0,0.0,0.0,0.08,0.0,100000000,112416,0.00112416,0.0005698320948016
30_Dead_Time_8.0pct,Dolinar,1.3041666666666667,1.0,0.0,0.0,0.08,0.0,100000000,50889,0.00050889,0.0002775749626994
30_Dead_Time_8.0pct,Opt_Kennedy,1.3041666666666667,1.0,0.0,0.0,0.08,0.0,100000000,55116,0.00055116,0.0002775749626994
30_Dead_Time_8.0pct,Dolinar,1.375,1.0,0.0,0.0,0.08,0.0,100000000,25246,0.00025246,0.000129910547289
30_Dead_Time_8.0pct,Opt_Kennedy,1.375,1.0,0.0,0.0,0.08,0.0,100000000,26064,0.00026064,0.000129910547289
30_Dead_Time_8.0pct,Dolinar,1.4458333333333333,1.0,0.0,0.0,0.08,0.0,100000000,12023,0.00012023,5.84130019065654e-05
30_Dead_Time_8.0pct,Opt_Kennedy,1.4458333333333333,1.0,0.0,0.0,0.08,0.0,100000000,11559,0.00011559,5.84130019065654e-05
30_Dead_Time_8.0pct,Dolinar,1.5166666666666666,1.0,0.0,0.0,0.08,0.0,100000000,5567,5.567e-05,2.5232436221322985e-05
30_Dead_Time_8.0pct,Opt_Kennedy,1.5166666666666666,1.0,0.0,0.0,0.08,0.0,100000000,5007,5.007e-05,2.5232436221322985e-05
30_Dead_Time_8.0pct,Dolinar,1.5875,1.0,0.0,0.0,0.08,0.0,100000000,2398,2.398e-05,1.0470917661709043e-05
30_Dead_Time_8.0pct,Opt_Kennedy,1.5875,1.0,0.0,0.0,0.08,0.0,100000000,2079,2.079e-05,1.0470917661709043e-05
30_Dead_Time_8.0pct,Dolinar,1.6583333333333334,1.0,0.0,0.0,0.08,0.0,100000000,962,9.62e-06,4.174282942914775e-06
30_Dead_Time_8.0pct,Opt_Kennedy,1.6583333333333334,1.0,0.0,0.0,0.08,0.0,100000000,835,8.35e-06,4.174282942914775e-06
30_Dead_Time_8.0pct,Dolinar,1.7291666666666667,1.0,0.0,0.0,0.08,0.0,100000000,413,4.13e-06,1.5986321398875347e-06
30_Dead_Time_8.0pct,Opt_Kennedy,1.7291666666666667,1.0,0.0,0.0,0.08,0.0,100000000,295,2.95e-06,1.5986321398875347e-06
30_Dead_Time_8.0pct,Dolinar,1.8,1.0,0.0,0.0,0.08,0.0,100000000,158,1.58e-06,5.88144145885483e-07
30_Dead_Time_8.0pct,Opt_Kennedy,1.8,1.0,0.0,0.0,0.08,0.0,100000000,131,1.31e-06,5.88144145885483e-07
31_Latency1pct_Jitter5deg,Dolinar,0.1,1.0,0.0,0.01,0.0,5.0,100000000,40419729,0.40419729,0.4009917164479698
31_Latency1pct_Jitter5deg,Opt_Kennedy,0.1,1.0,0.0,0.01,0.0,5.0,100000000,41511251,0.41511251,0.4009917164479698
31_Latency1pct_Jitter5deg,Dolinar,0.1708333333333333,1.0,0.0,0.01,0.0,5.0,100000000,33933468,0.33933468,0.334033117602116
31_Latency1pct_Jitter5deg,Opt_Kennedy,0.1708333333333333,1.0,0.0,0.01,0.0,5.0,100000000,35693012,0.35693012,0.334033117602116
31_Latency1pct_Jitter5deg,Dolinar,0.2416666666666666,1.0,0.0,0.01,0.0,5.0,100000000,27872963,0.27872963,0.2717838894607052
31_Latency1pct_Jitter5deg,Opt_Kennedy,0.2416666666666666,1.0,0.0,0.01,0.0,5.0,100000000,30135072,0.30135072,0.2717838894607052
31_Latency1pct_Jitter5deg,Dolinar,0.3125,1.0,0.0,0.01,0.0,5.0,100000000,22401142,0.22401142,0.2156735354217483
31_Latency1pct_Jitter5deg,Opt_Kennedy,0.3125,1.0,0.0,0.01,0.0,5.0,100000000,24967831,0.24967831,0.2156735354217483
31_Latency1pct_Jitter5deg,Dolinar,0.3833333333333333,1.0,0.0,0.01,0.0,5.0,100000000,17584546,0.17584546,0.1666685181642737
31_Latency1pct_Jitter5deg,Opt_Kennedy,0.3833333333333333,1.0,0.0,0.01,0.0,5.0,100000000,20248709,0.20248709,0.1666685181642737
31_Latency1pct_Jitter5deg,Dolinar,0.4541666666666666,1.0,0.0,0.01,0.0,5.0,100000000,13479689,0.13479689,0.1252349270996688
31_Latency1pct_Jitter5deg,Opt_Kennedy,0.4541666666666666,1.0,0.0,0.01,0.0,5.0,100000000,16059558,0.16059558,0.1252349270996688
31_Latency1pct_Jitter5deg,Dolinar,0.525,1.0,0.0,0.01,0.0,5.0,100000000,10098530,0.1009853,0.09135588385022
31_Latency1pct_Jitter5deg,Opt_Kennedy,0.525,1.0,0.0,0.01,0.0,5.0,100000000,12430116,0.12430116,0.09135588385022
31_Latency1pct_Jitter5deg,Dolinar,0.5958333333333333,1.0,0.0,0.01,0.0,5.0,100000000,7387240,0.0738724,0.0645970922766597
31_Latency1pct_Jitter5deg,Opt_Kennedy,0.5958333333333333,1.0,0.0,0.01,0.0,5.0,100000000,9362866,0.09362866,0.0645970922766597
31_Latency1pct_Jitter5deg,Dolinar,0.6666666666666666,1.0,0.0,0.01,0.0,5.0,100000000,5293777,0.05293777,0.0442076447015774
31_Latency1pct_Jitter5deg,Opt_Kennedy,0.6666666666666666,1.0,0.0,0.01,0.0,5.0,100000000,6864336,0.06864336,0.0442076447015774
31_Latency1pct_Jitter5deg,Dolinar,0.7374999999999999,1.0,0.0,0.01,0.0,5.0,100000000,3728553,0.03728553,0.0292392249664353
31_Latency1pct_Jitter5deg,Opt_Kennedy,0.7374999999999999,1.0,0.0,0.01,0.0,5.0,100000000,4893259,0.04893259,0.0292392249664353
31_Latency1pct_Jitter5deg,Dolinar,0.8083333333333332,1.0,0.0,0.01,0.0,5.0,100000000,2597733,0.02597733,0.0186657817140447
31_Latency1pct_Jitter5deg,Opt_Kennedy,0.8083333333333332,1.0,0.0,0.01,0.0,5.0,100000000,3408201,0.03408201,0.0186657817140447
31_Latency1pct_Jitter5deg,Dolinar,0.8791666666666667,1.0,0.0,0.01,0.0,5.0,100000000,1807654,0.01807654,0.0114877244351074
31_Latency1pct_Jitter5deg,Opt_Kennedy,0.8791666666666667,1.0,0.0,0.01,0.0,5.0,100000000,2332946,0.02332946,0.0114877244351074
31_Latency1pct_Jitter5deg,Dolinar,0.95,1.0,0.0,0.01,0.0,5.0,100000000,1276657,0.01276657,0.0068093286735723
31_Latency1pct_Jitter5deg,Opt_Kennedy,0.95,1.0,0.0,0.01,0.0,5.0,100000000,1600041,0.01600041,0.0068093286735723
31_Latency1pct_Jitter5deg,Dolinar,1.0208333333333333,1.0,0.0,0.01,0.0,5.0,100000000,931821,0.00931821,0.0038843281395801
31_Latency1pct_Jitter5deg,Opt_Kennedy,1.0208333333333333,1.0,0.0,0.01,0.0,5.0,100000000,1137105,0.01137105,0.0038843281395801
31_Latency1pct_Jitter5deg,Dolinar,1.0916666666666668,1.0,0.0,0.01,0.0,5.0,100000000,716392,0.00716392,0.002131124707823
31_Latency1pct_Jitter5deg,Opt_Kennedy,1.0916666666666668,1.0,0.0,0.01,0.0,5.0,100000000,867353,0.00867353,0.002131124707823
31_Latency1pct_Jitter5deg,Dolinar,1.1625,1.0,0.0,0.01,0.0,5.0,100000000,587083,0.00587083,0.001124075168671
31_Latency1pct_Jitter5deg,Opt_Kennedy,1.1625,1.0,0.0,0.01,0.0,5.0,100000000,731323,0.00731323,0.001124075168671
31_Latency1pct_Jitter5deg,Dolinar,1.2333333333333334,1.0,0.0,0.01,0.0,5.0,100000000,511759,0.00511759,0.0005698320948016
31_Latency1pct_Jitter5deg,Opt_Kennedy,1.2333333333333334,1.0,0.0,0.01,0.0,5.0,100000000,684781,0.00684781,0.0005698320948016
31_Latency1pct_Jitter5deg,Dolinar,1.3041666666666667,1.0,0.0,0.01,0.0,5.0,100000000,472177,0.00472177,0.0002775749626994
31_Latency1pct_Jitter5deg,Opt_Kennedy,1.3041666666666667,1.0,0.0,0.01,0.0,5.0,100000000,691451,0.00691451,0.0002775749626994
31_Latency1pct_Jitter5deg,Dolinar,1.375,1.0,0.0,0.01,0.0,5.0,100000000,451733,0.00451733,0.000129910547289
31_Latency1pct_Jitter5deg,Opt_Kennedy,1.375,1.0,0.0,0.01,0.0,5.0,100000000,730396,0.00730396,0.000129910547289
31_Latency1pct_Jitter5deg,Dolinar,1.4458333333333333,1.0,0.0,0.01,0.0,5.0,100000000,442913,0.00442913,5.84130019065654e-05
31_Latency1pct_Jitter5deg,Opt_Kennedy,1.4458333333333333,1.0,0.0,0.01,0.0,5.0,100000000,788159,0.00788159,5.84130019065654e-05
31_Latency1pct_Jitter5deg,Dolinar,1.5166666666666666,1.0,0.0,0.01,0.0,5.0,100000000,441627,0.00441627,2.5232436221322985e-05
31_Latency1pct_Jitter5deg,Opt_Kennedy,1.5166666666666666,1.0,0.0,0.01,0.0,5.0,100000000,855499,0.00855499,2.5232436221322985e-05
31_Latency1pct_Jitter5deg,Dolinar,1.5875,1.0,0.0,0.01,0.0,5.0,100000000,444709,0.00444709,1.0470917661709043e-05
31_Latency1pct_Jitter5deg,Opt_Kennedy,1.5875,1.0,0.0,0.01,0.0,5.0,100000000,932227,0.00932227,1.0470917661709043e-05
31_Latency1pct_Jitter5deg,Dolinar,1.6583333333333334,1.0,0.0,0.01,0.0,5.0,100000000,449434,0.00449434,4.174282942914775e-06
31_Latency1pct_Jitter5deg,Opt_Kennedy,1.6583333333333334,1.0,0.0,0.01,0.0,5.0,100000000,1014755,0.01014755,4.174282942914775e-06
31_Latency1pct_Jitter5deg,Dolinar,1.7291666666666667,1.0,0.0,0.01,0.0,5.0,100000000,454686,0.00454686,1.5986321398875347e-06
31_Latency1pct_Jitter5deg,Opt_Kennedy,1.7291666666666667,1.0,0.0,0.01,0.0,5.0,100000000,1099806,0.01099806,1.5986321398875347e-06
31_Latency1pct_Jitter5deg,Dolinar,1.8,1.0,0.0,0.01,0.0,5.0,100000000,461759,0.00461759,5.88144145885483e-07
31_Latency1pct_Jitter5deg,Opt_Kennedy,1.8,1.0,0.0,0.01,0.0,5.0,100000000,1188377,0.01188377,5.88144145885483e-07
32_Latency2pct_Jitter5deg,Dolinar,0.1,1.0,0.0,0.02,0.0,5.0,100000000,40674563,0.40674563,0.4009917164479698
32_Latency2pct_Jitter5deg,Opt_Kennedy,0.1,1.0,0.0,0.02,0.0,5.0,100000000,41510852,0.41510852,0.4009917164479698
32_Latency2pct_Jitter5deg,Dolinar,0.1708333333333333,1.0,0.0,0.02,0.0,5.0,100000000,34348429,0.34348429,0.334033117602116
32_Latency2pct_Jitter5deg,Opt_Kennedy,0.1708333333333333,1.0,0.0,0.02,0.0,5.0,100000000,35689613,0.35689613,0.334033117602116
32_Latency2pct_Jitter5deg,Dolinar,0.2416666666666666,1.0,0.0,0.02,0.0,5.0,100000000,28432333,0.28432333,0.2717838894607052
32_Latency2pct_Jitter5deg,Opt_Kennedy,0.2416666666666666,1.0,0.0,0.02,0.0,5.0,100000000,30134964,0.30134964,0.2717838894607052
32_Latency2pct_Jitter5deg,Dolinar,0.3125,1.0,0.0,0.02,0.0,5.0,100000000,23053727,0.23053727,0.2156735354217483
32_Latency2pct_Jitter5deg,Opt_Kennedy,0.3125,1.0,0.0,0.02,0.0,5.0,100000000,24967765,0.24967765,0.2156735354217483
32_Latency2pct_Jitter5deg,Dolinar,0.3833333333333333,1.0,0.0,0.02,0.0,5.0,100000000,18303054,0.18303054,0.1666685181642737
32_Latency2pct_Jitter5deg,Opt_Kennedy,0.3833333333333333,1.0,0.0,0.02,0.0,5.0,100000000,20248531,0.20248531,0.1666685181642737
32_Latency2pct_Jitter5deg,Dolinar,0.4541666666666666,1.0,0.0,0.02,0.0,5.0,100000000,14228553,0.14228553,0.1252349270996688
32_Latency2pct_Jitter5deg,Opt_Kennedy,0.4541666666666666,1.0,0.0,0.02,0.0,5.0,100000000,16059535,0.16059535,0.1252349270996688
32_Latency2pct_Jitter5deg,Dolinar,0.525,1.0,0.0,0.02,0.0,5.0,100000000,10826358,0.10826358,0.09135588385022
32_Latency2pct_Jitter5deg,Opt_Kennedy,0.525,1.0,0.0,0.02,0.0,5.0,100000000,12432968,0.12432968,0.09135588385022
32_Latency2pct_Jitter5deg,Dolinar,0.5958333333333333,1.0,0.0,0.02,0.0,5.0,100000000,8074226,0.08074226,0.0645970922766597
32_Latency2pct_Jitter5deg,Opt_Kennedy,0.5958333333333333,1.0,0.0,0.02,0.0,5.0,100000000,9369110,0.0936911,0.0645970922766597
32_Latency2pct_Jitter5deg,Dolinar,0.6666666666666666,1.0,0.0,0.02,0.0,5.0,100000000,5918702,0.05918702,0.0442076447015774
32_Latency2pct_Jitter5deg,Opt_Kennedy,0.6666666666666666,1.0,0.0,0.02,0.0,5.0,100000000,6861376,0.06861376,0.0442076447015774
32_Latency2pct_Jitter5deg,Dolinar,0.7374999999999999,1.0,0.0,0.02,0.0,5.0,100000000,4272966,0.04272966,0.0292392249664353
32_Latency2pct_Jitter5deg,Opt_Kennedy,0.7374999999999999,1.0,0.0,0.02,0.0,5.0,100000000,4899156,0.04899156,0.0292392249664353
32_Latency2pct_Jitter5deg,Dolinar,0.8083333333333332,1.0,0.0,0.02,0.0,5.0,100000000,3061761,0.03061761,0.0186657817140447
32_Latency2pct_Jitter5deg,Opt_Kennedy,0.8083333333333332,1.0,0.0,0.02,0.0,5.0,100000000,3405069,0.03405069,0.0186657817140447
32_Latency2pct_Jitter5deg,Dolinar,0.8791666666666667,1.0,0.0,0.02,0.0,5.0,100000000,2189531,0.02189531,0.0114877244351074
32_Latency2pct_Jitter5deg,Opt_Kennedy,0.8791666666666667,1.0,0.0,0.02,0.0,5.0,100000000,2331579,0.02331579,0.0114877244351074
32_Latency2pct_Jitter5deg,Dolinar,0.95,1.0,0.0,0.02,0.0,5.0,100000000,1586156,0.01586156,0.0068093286735723
32_Latency2pct_Jitter5deg,Opt_Kennedy,0.95,1.0,0.0,0.02,0.0,5.0,100000000,1602736,0.01602736,0.0068093286735723
32_Latency2pct_Jitter5deg,Dolinar,1.0208333333333333,1.0,0.0,0.02,0.0,5.0,100000000,1179957,0.01179957,0.0038843281395801
32_Latency2pct_Jitter5deg,Opt_Kennedy,1.0208333333333333,1.0,0.0,0.02,0.0,5.0,100000000,1137769,0.01137769,0.0038843281395801
32_Latency2pct_Jitter5deg,Dolinar,1.0916666666666668,1.0,0.0,0.02,0.0,5.0,100000000,910428,0.00910428,0.002131124707823
32_Latency2pct_Jitter5deg,Opt_Kennedy,1.0916666666666668,1.0,0.0,0.02,0.0,5.0,100000000,865877,0.00865877,0.002131124707823
32_Latency2pct_Jitter5deg,Dolinar,1.1625,1.0,0.0,0.02,0.0,5.0,100000000,741409,0.00741409,0.001124075168671
32_Latency2pct_Jitter5deg,Opt_Kennedy,1.1625,1.0,0.0,0.02,0.0,5.0,100000000,731814,0.00731814,0.001124075168671
32_Latency2pct_Jitter5deg,Dolinar,1.2333333333333334,1.0,0.0,0.02,0.0,5.0,100000000,638997,0.00638997,0.0005698320948016
32_Latency2pct_Jitter5deg,Opt_Kennedy,1.2333333333333334,1.0,0.0,0.02,0.0,5.0,100000000,683423,0.00683423,0.0005698320948016
32_Latency2pct_Jitter5deg,Dolinar,1.3041666666666667,1.0,0.0,0.02,0.0,5.0,100000000,578669,0.00578669,0.0002775749626994
32_Latency2pct_Jitter5deg,Opt_Kennedy,1.3041666666666667,1.0,0.0,0.02,0.0,5.0,100000000,691169,0.00691169,0.0002775749626994
32_Latency2pct_Jitter5deg,Dolinar,1.375,1.0,0.0,0.02,0.0,5.0,100000000,547747,0.00547747,0.000129910547289
32_Latency2pct_Jitter5deg,Opt_Kennedy,1.375,1.0,0.0,0.02,0.0,5.0,100000000,730934,0.00730934,0.000129910547289
32_Latency2pct_Jitter5deg,Dolinar,1.4458333333333333,1.0,0.0,0.02,0.0,5.0,100000000,533242,0.00533242,5.84130019065654e-05
32_Latency2pct_Jitter5deg,Opt_Kennedy,1.4458333333333333,1.0,0.0,0.02,0.0,5.0,100000000,788620,0.0078862,5.84130019065654e-05
32_Latency2pct_Jitter5deg,Dolinar,1.5166666666666666,1.0,0.0,0.02,0.0,5.0,100000000,532330,0.0053233,2.5232436221322985e-05
32_Latency2pct_Jitter5deg,Opt_Kennedy,1.5166666666666666,1.0,0.0,0.02,0.0,5.0,100000000,856974,0.00856974,2.5232436221322985e-05
32_Latency2pct_Jitter5deg,Dolinar,1.5875,1.0,0.0,0.02,0.0,5.0,100000000,536378,0.00536378,1.0470917661709043e-05
32_Latency2pct_Jitter5deg,Opt_Kennedy,1.5875,1.0,0.0,0.02,0.0,5.0,100000000,933921,0.00933921,1.0470917661709043e-05
32_Latency2pct_Jitter5deg,Dolinar,1.6583333333333334,1.0,0.0,0.02,0.0,5.0,100000000,544475,0.00544475,4.174282942914775e-06
32_Latency2pct_Jitter5deg,Opt_Kennedy,1.6583333333333334,1.0,0.0,0.02,0.0,5.0,100000000,1015429,0.01015429,4.174282942914775e-06
32_Latency2pct_Jitter5deg,Dolinar,1.7291666666666667,1.0,0.0,0.02,0.0,5.0,100000000,556954,0.00556954,1.5986321398875347e-06
32_Latency2pct_Jitter5deg,Opt_Kennedy,1.7291666666666667,1.0,0.0,0.02,0.0,5.0,100000000,1098103,0.01098103,1.5986321398875347e-06
32_Latency2pct_Jitter5deg,Dolinar,1.8,1.0,0.0,0.02,0.0,5.0,100000000,572209,0.00572209,5.88144145885483e-07
32_Latency2pct_Jitter5deg,Opt_Kennedy,1.8,1.0,0.0,0.02,0.0,5.0,100000000,1188851,0.01188851,5.88144145885483e-07
33_Latency3pct_Jitter5deg,Dolinar,0.1,1.0,0.0,0.03,0.0,5.0,100000000,40912609,0.40912609,0.4009917164479698
33_Latency3pct_Jitter5deg,Opt_Kennedy,0.1,1.0,0.0,0.03,0.0,5.0,100000000,41509027,0.41509027,0.4009917164479698
33_Latency3pct_Jitter5deg,Dolinar,0.1708333333333333,1.0,0.0,0.03,0.0,5.0,100000000,34738452,0.34738452,0.334033117602116
33_Latency3pct_Jitter5deg,Opt_Kennedy,0.1708333333333333,1.0,0.0,0.03,0.0,5.0,100000000,35674664,0.35674664,0.334033117602116
33_Latency3pct_Jitter5deg,Dolinar,0.2416666666666666,1.0,0.0,0.03,0.0,5.0,100000000,28941825,0.28941825,0.2717838894607052
33_Latency3pct_Jitter5deg,Opt_Kennedy,0.2416666666666666,1.0,0.0,0.03,0.0,5.0,100000000,30140401,0.30140401,0.2717838894607052
33_Latency3pct_Jitter5deg,Dolinar,0.3125,1.0,0.0,0.03,0.0,5.0,100000000,23678321,0.23678321,0.2156735354217483
33_Latency3pct_Jitter5deg,Opt_Kennedy,0.3125,1.0,0.0,0.03,0.0,5.0,100000000,24963145,0.24963145,0.2156735354217483
33_Latency3pct_Jitter5deg,Dolinar,0.3833333333333333,1.0,0.0,0.03,0.0,5.0,100000000,18980834,0.18980834,0.1666685181642737
33_Latency3pct_Jitter5deg,Opt_Kennedy,0.3833333333333333,1.0,0.0,0.03,0.0,5.0,100000000,20246180,0.2024618,0.1666685181642737
33_Latency3pct_Jitter5deg,Dolinar,0.4541666666666666,1.0,0.0,0.03,0.0,5.0,100000000,14935182,0.14935182,0.1252349270996688
33_Latency3pct_Jitter5deg,Opt_Kennedy,0.4541666666666666,1.0,0.0,0.03,0.0,5.0,100000000,16061038,0.16061038,0.1252349270996688
33_Latency3pct_Jitter5deg,Dolinar,0.525,1.0,0.0,0.03,0.0,5.0,100000000,11545376,0.11545376,0.09135588385022
33_Latency3pct_Jitter5deg,Opt_Kennedy,0.525,1.0,0.0,0.03,0.0,5.0,100000000,12424881,0.12424881,0.09135588385022
33_Latency3pct_Jitter5deg,Dolinar,0.5958333333333333,1.0,0.0,0.03,0.0,5.0,100000000,8764029,0.08764029,0.0645970922766597
33_Latency3pct_Jitter5deg,Opt_Kennedy,0.5958333333333333,1.0,0.0,0.03,0.0,5.0,100000000,9364779,0.09364779,0.0645970922766597
33_Latency3pct_Jitter5deg,Dolinar,0.6666666666666666,1.0,0.0,0.03,0.0,5.0,100000000,6561604,0.06561604,0.0442076447015774
33_Latency3pct_Jitter5deg,Opt_Kennedy,0.6666666666666666,1.0,0.0,0.03,0.0,5.0,100000000,6861578,0.06861578,0.0442076447015774
33_Latency3pct_Jitter5deg,Dolinar,0.7374999999999999,1.0,0.0,0.03,0.0,5.0,100000000,4851647,0.04851647,0.0292392249664353
33_Latency3pct_Jitter5deg,Opt_Kennedy,0.7374999999999999,1.0,0.0,0.03,0.0,5.0,100000000,4893935,0.04893935,0.0292392249664353
33_Latency3pct_Jitter5deg,Dolinar,0.8083333333333332,1.0,0.0,0.03,0.0,5.0,100000000,3567120,0.0356712,0.0186657817140447
33_Latency3pct_Jitter5deg,Opt_Kennedy,0.8083333333333332,1.0,0.0,0.03,0.0,5.0,100000000,3404681,0.03404681,0.0186657817140447
33_Latency3pct_Jitter5deg,Dolinar,0.8791666666666667,1.0,0.0,0.03,0.0,5.0,100000000,2622928,0.02622928,0.0114877244351074
33_Latency3pct_Jitter5deg,Opt_Kennedy,0.8791666666666667,1.0,0.0,0.03,0.0,5.0,100000000,2335661,0.02335661,0.0114877244351074
33_Latency3pct_Jitter5deg,Dolinar,0.95,1.0,0.0,0.03,0.0,5.0,100000000,1953337,0.01953337,0.0068093286735723
33_Latency3pct_Jitter5deg,Opt_Kennedy,0.95,1.0,0.0,0.03,0.0,5.0,100000000,1602978,0.01602978,0.0068093286735723
33_Latency3pct_Jitter5deg,Dolinar,1.0208333333333333,1.0,0.0,0.03,0.0,5.0,100000000,1485771,0.01485771,0.0038843281395801
33_Latency3pct_Jitter5deg,Opt_Kennedy,1.0208333333333333,1.0,0.0,0.03,0.0,5.0,100000000,1135997,0.01135997,0.0038843281395801
33_Latency3pct_Jitter5deg,Dolinar,1.0916666666666668,1.0,0.0,0.03,0.0,5.0,100000000,1164612,0.01164612,0.002131124707823
33_Latency3pct_Jitter5deg,Opt_Kennedy,1.0916666666666668,1.0,0.0,0.03,0.0,5.0,100000000,866303,0.00866303,0.002131124707823
33_Latency3pct_Jitter5deg,Dolinar,1.1625,1.0,0.0,0.03,0.0,5.0,100000000,953228,0.00953228,0.001124075168671
33_Latency3pct_Jitter5deg,Opt_Kennedy,1.1625,1.0,0.0,0.03,0.0,5.0,100000000,731690,0.0073169,0.001124075168671
33_Latency3pct_Jitter5deg,Dolinar,1.2333333333333334,1.0,0.0,0.03,0.0,5.0,100000000,818428,0.00818428,0.0005698320948016
33_Latency3pct_Jitter5deg,Opt_Kennedy,1.2333333333333334,1.0,0.0,0.03,0.0,5.0,100000000,684414,0.00684414,0.0005698320948016
33_Latency3pct_Jitter5deg,Dolinar,1.3041666666666667,1.0,0.0,0.03,0.0,5.0,100000000,732410,0.0073241,0.0002775749626994
33_Latency3pct_Jitter5deg,Opt_Kennedy,1.3041666666666667,1.0,0.0,0.03,0.0,5.0,100000000,689666,0.00689666,0.0002775749626994
33_Latency3pct_Jitter5deg,Dolinar,1.375,1.0,0.0,0.03,0.0,5.0,100000000,685327,0.00685327,0.000129910547289
33_Latency3pct_Jitter5deg,Opt_Kennedy,1.375,1.0,0.0,0.03,0.0,5.0,100000000,730153,0.00730153,0.000129910547289
33_Latency3pct_Jitter5deg,Dolinar,1.4458333333333333,1.0,0.0,0.03,0.0,5.0,100000000,659054,0.00659054,5.84130019065654e-05
33_Latency3pct_Jitter5deg,Opt_Kennedy,1.4458333333333333,1.0,0.0,0.03,0.0,5.0,100000000,789701,0.00789701,5.84130019065654e-05
33_Latency3pct_Jitter5deg,Dolinar,1.5166666666666666,1.0,0.0,0.03,0.0,5.0,100000000,651160,0.0065116,2.5232436221322985e-05
33_Latency3pct_Jitter5deg,Opt_Kennedy,1.5166666666666666,1.0,0.0,0.03,0.0,5.0,100000000,856982,0.00856982,2.5232436221322985e-05
33_Latency3pct_Jitter5deg,Dolinar,1.5875,1.0,0.0,0.03,0.0,5.0,100000000,653242,0.00653242,1.0470917661709043e-05
33_Latency3pct_Jitter5deg,Opt_Kennedy,1.5875,1.0,0.0,0.03,0.0,5.0,100000000,934027,0.00934027,1.0470917661709043e-05
33_Latency3pct_Jitter5deg,Dolinar,1.6583333333333334,1.0,0.0,0.03,0.0,5.0,100000000,665267,0.00665267,4.174282942914775e-06
33_Latency3pct_Jitter5deg,Opt_Kennedy,1.6583333333333334,1.0,0.0,0.03,0.0,5.0,100000000,1015166,0.01015166,4.174282942914775e-06
33_Latency3pct_Jitter5deg,Dolinar,1.7291666666666667,1.0,0.0,0.03,0.0,5.0,100000000,682435,0.00682435,1.5986321398875347e-06
33_Latency3pct_Jitter5deg,Opt_Kennedy,1.7291666666666667,1.0,0.0,0.03,0.0,5.0,100000000,1101544,0.01101544,1.5986321398875347e-06
33_Latency3pct_Jitter5deg,Dolinar,1.8,1.0,0.0,0.03,0.0,5.0,100000000,702864,0.00702864,5.88144145885483e-07
33_Latency3pct_Jitter5deg,Opt_Kennedy,1.8,1.0,0.0,0.03,0.0,5.0,100000000,1189992,0.01189992,5.88144145885483e-07
34_Latency1pct_Jitter10deg,Dolinar,0.1,1.0,0.0,0.01,0.0,10.0,100000000,40531835,0.40531835,0.4009917164479698
34_Latency1pct_Jitter10deg,Opt_Kennedy,0.1,1.0,0.0,0.01,0.0,10.0,100000000,41611575,0.41611575,0.4009917164479698
34_Latency1pct_Jitter10deg,Dolinar,0.1708333333333333,1.0,0.0,0.01,0.0,10.0,100000000,34108059,0.34108059,0.334033117602116
34_Latency1pct_Jitter10deg,Opt_Kennedy,0.1708333333333333,1.0,0.0,0.01,0.0,10.0,100000000,35855992,0.35855992,0.334033117602116
34_Latency1pct_Jitter10deg,Dolinar,0.2416666666666666,1.0,0.0,0.01,0.0,10.0,100000000,28151947,0.28151947,0.2717838894607052
34_Latency1pct_Jitter10deg,Opt_Kennedy,0.2416666666666666,1.0,0.0,0.01,0.0,10.0,100000000,30371026,0.30371026,0.2717838894607052
34_Latency1pct_Jitter10deg,Dolinar,0.3125,1.0,0.0,0.01,0.0,10.0,100000000,22772078,0.22772078,0.2156735354217483
34_Latency1pct_Jitter10deg,Opt_Kennedy,0.3125,1.0,0.0,0.01,0.0,10.0,100000000,25262932,0.25262932,0.2156735354217483
34_Latency1pct_Jitter10deg,Dolinar,0.3833333333333333,1.0,0.0,0.01,0.0,10.0,100000000,18039695,0.18039695,0.1666685181642737
34_Latency1pct_Jitter10deg,Opt_Kennedy,0.3833333333333333,1.0,0.0,0.01,0.0,10.0,100000000,20619251,0.20619251,0.1666685181642737
34_Latency1pct_Jitter10deg,Dolinar,0.4541666666666666,1.0,0.0,0.01,0.0,10.0,100000000,14037972,0.14037972,0.1252349270996688
34_Latency1pct_Jitter10deg,Opt_Kennedy,0.4541666666666666,1.0,0.0,0.01,0.0,10.0,100000000,16502660,0.1650266,0.1252349270996688
34_Latency1pct_Jitter10deg,Dolinar,0.525,1.0,0.0,0.01,0.0,10.0,100000000,10748300,0.107483,0.09135588385022
34_Latency1pct_Jitter10deg,Opt_Kennedy,0.525,1.0,0.0,0.01,0.0,10.0,100000000,12934838,0.12934838,0.09135588385022
34_Latency1pct_Jitter10deg,Dolinar,0.5958333333333333,1.0,0.0,0.01,0.0,10.0,100000000,8118827,0.08118827,0.0645970922766597
34_Latency1pct_Jitter10deg,Opt_Kennedy,0.5958333333333333,1.0,0.0,0.01,0.0,10.0,100000000,9949348,0.09949348,0.0645970922766597
34_Latency1pct_Jitter10deg,Dolinar,0.6666666666666666,1.0,0.0,0.01,0.0,10.0,100000000,6103154,0.06103154,0.0442076447015774
34_Latency1pct_Jitter10deg,Opt_Kennedy,0.6666666666666666,1.0,0.0,0.01,0.0,10.0,100000000,7527830,0.0752783,0.0442076447015774
34_Latency1pct_Jitter10deg,Dolinar,0.7374999999999999,1.0,0.0,0.01,0.0,10.0,100000000,4600705,0.04600705,0.0292392249664353
34_Latency1pct_Jitter10deg,Opt_Kennedy,0.7374999999999999,1.0,0.0,0.01,0.0,10.0,100000000,5635000,0.05635,0.0292392249664353
34_Latency1pct_Jitter10deg,Dolinar,0.8083333333333332,1.0,0.0,0.01,0.0,10.0,100000000,3529329,0.03529329,0.0186657817140447
34_Latency1pct_Jitter10deg,Opt_Kennedy,0.8083333333333332,1.0,0.0,0.01,0.0,10.0,100000000,4238480,0.0423848,0.0186657817140447
34_Latency1pct_Jitter10deg,Dolinar,0.8791666666666667,1.0,0.0,0.01,0.0,10.0,100000000,2790169,0.02790169,0.0114877244351074
34_Latency1pct_Jitter10deg,Opt_Kennedy,0.8791666666666667,1.0,0.0,0.01,0.0,10.0,100000000,3264680,0.0326468,0.0114877244351074
34_Latency1pct_Jitter10deg,Dolinar,0.95,1.0,0.0,0.01,0.0,10.0,100000000,2293330,0.0229333,0.0068093286735723
34_Latency1pct_Jitter10deg,Opt_Kennedy,0.95,1.0,0.0,0.01,0.0,10.0,100000000,2641880,0.0264188,0.0068093286735723
34_Latency1pct_Jitter10deg,Dolinar,1.0208333333333333,1.0,0.0,0.01,0.0,10.0,100000000,1978668,0.01978668,0.0038843281395801
34_Latency1pct_Jitter10deg,Opt_Kennedy,1.0208333333333333,1.0,0.0,0.01,0.0,10.0,100000000,2296934,0.02296934,0.0038843281395801
34_Latency1pct_Jitter10deg,Dolinar,1.0916666666666668,1.0,0.0,0.01,0.0,10.0,100000000,1787585,0.01787585,0.002131124707823
34_Latency1pct_Jitter10deg,Opt_Kennedy,1.0916666666666668,1.0,0.0,0.01,0.0,10.0,100000000,2161019,0.02161019,0.002131124707823
34_Latency1pct_Jitter10deg,Dolinar,1.1625,1.0,0.0,0.01,0.0,10.0,100000000,1674753,0.01674753,0.001124075168671
34_Latency1pct_Jitter10deg,Opt_Kennedy,1.1625,1.0,0.0,0.01,0.0,10.0,100000000,2170512,0.02170512,0.001124075168671
34_Latency1pct_Jitter10deg,Dolinar,1.2333333333333334,1.0,0.0,0.01,0.0,10.0,100000000,1620297,0.01620297,0.0005698320948016
34_Latency1pct_Jitter10deg,Opt_Kennedy,1.2333333333333334,1.0,0.0,0.01,0.0,10.0,100000000,2278679,0.02278679,0.0005698320948016
34_Latency1pct_Jitter10deg,Dolinar,1.3041666666666667,1.0,0.0,0.01,0.0,10.0,100000000,1592138,0.01592138,0.0002775749626994
34_Latency1pct_Jitter10deg,Opt_Kennedy,1.3041666666666667,1.0,0.0,0.01,0.0,10.0,100000000,2451988,0.02451988,0.0002775749626994
34_Latency1pct_Jitter10deg,Dolinar,1.375,1.0,0.0,0.01,0.0,10.0,100000000,1586132,0.01586132,0.000129910547289
34_Latency1pct_Jitter10deg,Opt_Kennedy,1.375,1.0,0.0,0.01,0.0,10.0,100000000,2662967,0.02662967,0.000129910547289
34_Latency1pct_Jitter10deg,Dolinar,1.4458333333333333,1.0,0.0,0.01,0.0,10.0,100000000,1595492,0.01595492,5.84130019065654e-05
34_Latency1pct_Jitter10deg,Opt_Kennedy,1.4458333333333333,1.0,0.0,0.01,0.0,10.0,100000000,2904540,0.0290454,5.84130019065654e-05
34_Latency1pct_Jitter10deg,Dolinar,1.5166666666666666,1.0,0.0,0.01,0.0,10.0,100000000,1608975,0.01608975,2.5232436221322985e-05
34_Latency1pct_Jitter10deg,Opt_Kennedy,1.5166666666666666,1.0,0.0,0.01,0.0,10.0,100000000,3161572,0.03161572,2.5232436221322985e-05
34_Latency1pct_Jitter10deg,Dolinar,1.5875,1.0,0.0,0.01,0.0,10.0,100000000,1622014,0.01622014,1.0470917661709043e-05
34_Latency1pct_Jitter10deg,Opt_Kennedy,1.5875,1.0,0.0,0.01,0.0,10.0,100000000,3429801,0.03429801,1.0470917661709043e-05
34_Latency1pct_Jitter10deg,Dolinar,1.6583333333333334,1.0,0.0,0.01,0.0,10.0,100000000,1643931,0.01643931,4.174282942914775e-06
34_Latency1pct_Jitter10deg,Opt_Kennedy,1.6583333333333334,1.0,0.0,0.01,0.0,10.0,100000000,3705410,0.0370541,4.174282942914775e-06
34_Latency1pct_Jitter10deg,Dolinar,1.7291666666666667,1.0,0.0,0.01,0.0,10.0,100000000,1664628,0.01664628,1.5986321398875347e-06
34_Latency1pct_Jitter10deg,Opt_Kennedy,1.7291666666666667,1.0,0.0,0.01,0.0,10.0,100000000,3992482,0.03992482,1.5986321398875347e-06
34_Latency1pct_Jitter10deg,Dolinar,1.8,1.0,0.0,0.01,0.0,10.0,100000000,1686401,0.01686401,5.88144145885483e-07
34_Latency1pct_Jitter10deg,Opt_Kennedy,1.8,1.0,0.0,0.01,0.0,10.0,100000000,4281437,0.04281437,5.88144145885483e-07
35_Latency2pct_Jitter10deg,Dolinar,0.1,1.0,0.0,0.02,0.0,10.0,100000000,40784692,0.40784692,0.4009917164479698
35_Latency2pct_Jitter10deg,Opt_Kennedy,0.1,1.0,0.0,0.02,0.0,10.0,100000000,41601493,0.41601493,0.4009917164479698
35_Latency2pct_Jitter10deg,Dolinar,0.1708333333333333,1.0,0.0,0.02,0.0,10.0,100000000,34542674,0.34542674,0.334033117602116
35_Latency2pct_Jitter10deg,Opt_Kennedy,0.1708333333333333,1.0,0.0,0.02,0.0,10.0,100000000,35847054,0.35847054,0.334033117602116
35_Latency2pct_Jitter10deg,Dolinar,0.2416666666666666,1.0,0.0,0.02,0.0,10.0,100000000,28709835,0.28709835,0.2717838894607052
35_Latency2pct_Jitter10deg,Opt_Kennedy,0.2416666666666666,1.0,0.0,0.02,0.0,10.0,100000000,30372745,0.30372745,0.2717838894607052
35_Latency2pct_Jitter10deg,Dolinar,0.3125,1.0,0.0,0.02,0.0,10.0,100000000,23413287,0.23413287,0.2156735354217483
35_Latency2pct_Jitter10deg,Opt_Kennedy,0.3125,1.0,0.0,0.02,0.0,10.0,100000000,25276686,0.25276686,0.2156735354217483
35_Latency2pct_Jitter10deg,Dolinar,0.3833333333333333,1.0,0.0,0.02,0.0,10.0,100000000,18757702,0.18757702,0.1666685181642737
35_Latency2pct_Jitter10deg,Opt_Kennedy,0.3833333333333333,1.0,0.0,0.02,0.0,10.0,100000000,20619910,0.2061991,0.1666685181642737
35_Latency2pct_Jitter10deg,Dolinar,0.4541666666666666,1.0,0.0,0.02,0.0,10.0,100000000,14771874,0.14771874,0.1252349270996688
35_Latency2pct_Jitter10deg,Opt_Kennedy,0.4541666666666666,1.0,0.0,0.02,0.0,10.0,100000000,16501349,0.16501349,0.1252349270996688
35_Latency2pct_Jitter10deg,Dolinar,0.525,1.0,0.0,0.02,0.0,10.0,100000000,11467560,0.1146756,0.09135588385022
35_Latency2pct_Jitter10deg,Opt_Kennedy,0.525,1.0,0.0,0.02,0.0,10.0,100000000,12942591,0.12942591,0.09135588385022
35_Latency2pct_Jitter10deg,Dolinar,0.5958333333333333,1.0,0.0,0.02,0.0,10.0,100000000,8808240,0.0880824,0.0645970922766597
35_Latency2pct_Jitter10deg,Opt_Kennedy,0.5958333333333333,1.0,0.0,0.02,0.0,10.0,100000000,9943839,0.09943839,0.0645970922766597
35_Latency2pct_Jitter10deg,Dolinar,0.6666666666666666,1.0,0.0,0.02,0.0,10.0,100000000,6733884,0.06733884,0.0442076447015774
35_Latency2pct_Jitter10deg,Opt_Kennedy,0.6666666666666666,1.0,0.0,0.02,0.0,10.0,100000000,7526403,0.07526403,0.0442076447015774
35_Latency2pct_Jitter10deg,Dolinar,0.7374999999999999,1.0,0.0,0.02,0.0,10.0,100000000,5165088,0.05165088,0.0292392249664353
35_Latency2pct_Jitter10deg,Opt_Kennedy,0.7374999999999999,1.0,0.0,0.02,0.0,10.0,100000000,5639452,0.05639452,0.0292392249664353
35_Latency2pct_Jitter10deg,Dolinar,0.8083333333333332,1.0,0.0,0.02,0.0,10.0,100000000,4019720,0.0401972,0.0186657817140447
35_Latency2pct_Jitter10deg,Opt_Kennedy,0.8083333333333332,1.0,0.0,0.02,0.0,10.0,100000000,4236488,0.04236488,0.0186657817140447
35_Latency2pct_Jitter10deg,Dolinar,0.8791666666666667,1.0,0.0,0.02,0.0,10.0,100000000,3207443,0.03207443,0.0114877244351074
35_Latency2pct_Jitter10deg,Opt_Kennedy,0.8791666666666667,1.0,0.0,0.02,0.0,10.0,100000000,3263716,0.03263716,0.0114877244351074
35_Latency2pct_Jitter10deg,Dolinar,0.95,1.0,0.0,0.02,0.0,10.0,100000000,2650569,0.02650569,0.0068093286735723
35_Latency2pct_Jitter10deg,Opt_Kennedy,0.95,1.0,0.0,0.02,0.0,10.0,100000000,2638915,0.02638915,0.0068093286735723
35_Latency2pct_Jitter10deg,Dolinar,1.0208333333333333,1.0,0.0,0.02,0.0,10.0,100000000,2285575,0.02285575,0.0038843281395801
35_Latency2pct_Jitter10deg,Opt_Kennedy,1.0208333333333333,1.0,0.0,0.02,0.0,10.0,100000000,2294684,0.02294684,0.0038843281395801
35_Latency2pct_Jitter10deg,Dolinar,1.0916666666666668,1.0,0.0,0.02,0.0,10.0,100000000,2054417,0.02054417,0.002131124707823
35_Latency2pct_Jitter10deg,Opt_Kennedy,1.0916666666666668,1.0,0.0,0.02,0.0,10.0,100000000,2160181,0.02160181,0.002131124707823
35_Latency2pct_Jitter10deg,Dolinar,1.1625,1.0,0.0,0.02,0.0,10.0,100000000,1916317,0.01916317,0.001124075168671
35_Latency2pct_Jitter10deg,Opt_Kennedy,1.1625,1.0,0.0,0.02,0.0,10.0,100000000,2170463,0.02170463,0.001124075168671
35_Latency2pct_Jitter10deg,Dolinar,1.2333333333333334,1.0,0.0,0.02,0.0,10.0,100000000,1845279,0.01845279,0.0005698320948016
35_Latency2pct_Jitter10deg,Opt_Kennedy,1.2333333333333334,1.0,0.0,0.02,0.0,10.0,100000000,2279151,0.02279151,0.0005698320948016
35_Latency2pct_Jitter10deg,Dolinar,1.3041666666666667,1.0,0.0,0.02,0.0,10.0,100000000,1812953,0.01812953,0.0002775749626994
35_Latency2pct_Jitter10deg,Opt_Kennedy,1.3041666666666667,1.0,0.0,0.02,0.0,10.0,100000000,2453902,0.02453902,0.0002775749626994
35_Latency2pct_Jitter10deg,Dolinar,1.375,1.0,0.0,0.02,0.0,10.0,100000000,1809828,0.01809828,0.000129910547289
35_Latency2pct_Jitter10deg,Opt_Kennedy,1.375,1.0,0.0,0.02,0.0,10.0,100000000,2662468,0.02662468,0.000129910547289
35_Latency2pct_Jitter10deg,Dolinar,1.4458333333333333,1.0,0.0,0.02,0.0,10.0,100000000,1827755,0.01827755,5.84130019065654e-05
35_Latency2pct_Jitter10deg,Opt_Kennedy,1.4458333333333333,1.0,0.0,0.02,0.0,10.0,100000000,2905829,0.02905829,5.84130019065654e-05
35_Latency2pct_Jitter10deg,Dolinar,1.5166666666666666,1.0,0.0,0.02,0.0,10.0,100000000,1852781,0.01852781,2.5232436221322985e-05
35_Latency2pct_Jitter10deg,Opt_Kennedy,1.5166666666666666,1.0,0.0,0.02,0.0,10.0,100000000,3161324,0.03161324,2.5232436221322985e-05
35_Latency2pct_Jitter10deg,Dolinar,1.5875,1.0,0.0,0.02,0.0,10.0,100000000,1886735,0.01886735,1.0470917661709043e-05
35_Latency2pct_Jitter10deg,Opt_Kennedy,1.5875,1.0,0.0,0.02,0.0,10.0,100000000,3429136,0.03429136,1.0470917661709043e-05
35_Latency2pct_Jitter10deg,Dolinar,1.6583333333333334,1.0,0.0,0.02,0.0,10.0,100000000,1929329,0.01929329,4.174282942914775e-06
35_Latency2pct_Jitter10deg,Opt_Kennedy,1.6583333333333334,1.0,0.0,0.02,0.0,10.0,100000000,3705529,0.03705529,4.174282942914775e-06
35_Latency2pct_Jitter10deg,Dolinar,1.7291666666666667,1.0,0.0,0.02,0.0,10.0,100000000,1972817,0.01972817,1.5986321398875347e-06
35_Latency2pct_Jitter10deg,Opt_Kennedy,1.7291666666666667,1.0,0.0,0.02,0.0,10.0,100000000,3992142,0.03992142,1.5986321398875347e-06
35_Latency2pct_Jitter10deg,Dolinar,1.8,1.0,0.0,0.02,0.0,10.0,100000000,2023481,0.02023481,5.88144145885483e-07
35_Latency2pct_Jitter10deg,Opt_Kennedy,1.8,1.0,0.0,0.02,0.0,10.0,100000000,4283268,0.04283268,5.88144145885483e-07
36_Latency3pct_Jitter10deg,Dolinar,0.1,1.0,0.0,0.03,0.0,10.0,100000000,41027866,0.41027866,0.4009917164479698
36_Latency3pct_Jitter10deg,Opt_Kennedy,0.1,1.0,0.0,0.03,0.0,10.0,100000000,41605465,0.41605465,0.4009917164479698
36_Latency3pct_Jitter10deg,Dolinar,0.1708333333333333,1.0,0.0,0.03,0.0,10.0,100000000,34911317,0.34911317,0.334033117602116
36_Latency3pct_Jitter10deg,Opt_Kennedy,0.1708333333333333,1.0,0.0,0.03,0.0,10.0,100000000,35847347,0.35847347,0.334033117602116
36_Latency3pct_Jitter10deg,Dolinar,0.2416666666666666,1.0,0.0,0.03,0.0,10.0,100000000,29205323,0.29205323,0.2717838894607052
36_Latency3pct_Jitter10deg,Opt_Kennedy,0.2416666666666666,1.0,0.0,0.03,0.0,10.0,100000000,30365479,0.30365479,0.2717838894607052
36_Latency3pct_Jitter10deg,Dolinar,0.3125,1.0,0.0,0.03,0.0,10.0,100000000,24017827,0.24017827,0.2156735354217483
36_Latency3pct_Jitter10deg,Opt_Kennedy,0.3125,1.0,0.0,0.03,0.0,10.0,100000000,25266566,0.25266566,0.2156735354217483
36_Latency3pct_Jitter10deg,Dolinar,0.3833333333333333,1.0,0.0,0.03,0.0,10.0,100000000,19431376,0.19431376,0.1666685181642737
36_Latency3pct_Jitter10deg,Opt_Kennedy,0.3833333333333333,1.0,0.0,0.03,0.0,10.0,100000000,20625790,0.2062579,0.1666685181642737
36_Latency3pct_Jitter10deg,Dolinar,0.4541666666666666,1.0,0.0,0.03,0.0,10.0,100000000,15482221,0.15482221,0.1252349270996688
36_Latency3pct_Jitter10deg,Opt_Kennedy,0.4541666666666666,1.0,0.0,0.03,0.0,10.0,100000000,16495993,0.16495993,0.1252349270996688
36_Latency3pct_Jitter10deg,Dolinar,0.525,1.0,0.0,0.03,0.0,10.0,100000000,12184165,0.12184165,0.09135588385022
36_Latency3pct_Jitter10deg,Opt_Kennedy,0.525,1.0,0.0,0.03,0.0,10.0,100000000,12938961,0.12938961,0.09135588385022
36_Latency3pct_Jitter10deg,Dolinar,0.5958333333333333,1.0,0.0,0.03,0.0,10.0,100000000,9502125,0.09502125,0.0645970922766597
36_Latency3pct_Jitter10deg,Opt_Kennedy,0.5958333333333333,1.0,0.0,0.03,0.0,10.0,100000000,9948513,0.09948513,0.0645970922766597
36_Latency3pct_Jitter10deg,Dolinar,0.6666666666666666,1.0,0.0,0.03,0.0,10.0,100000000,7383427,0.07383427,0.0442076447015774
36_Latency3pct_Jitter10deg,Opt_Kennedy,0.6666666666666666,1.0,0.0,0.03,0.0,10.0,100000000,7519845,0.07519845,0.0442076447015774
36_Latency3pct_Jitter10deg,Dolinar,0.7374999999999999,1.0,0.0,0.03,0.0,10.0,100000000,5758993,0.05758993,0.0292392249664353
36_Latency3pct_Jitter10deg,Opt_Kennedy,0.7374999999999999,1.0,0.0,0.03,0.0,10.0,100000000,5635426,0.05635426,0.0292392249664353
36_Latency3pct_Jitter10deg,Dolinar,0.8083333333333332,1.0,0.0,0.03,0.0,10.0,100000000,4553511,0.04553511,0.0186657817140447
36_Latency3pct_Jitter10deg,Opt_Kennedy,0.8083333333333332,1.0,0.0,0.03,0.0,10.0,100000000,4234281,0.04234281,0.0186657817140447
36_Latency3pct_Jitter10deg,Dolinar,0.8791666666666667,1.0,0.0,0.03,0.0,10.0,100000000,3676575,0.03676575,0.0114877244351074
36_Latency3pct_Jitter10deg,Opt_Kennedy,0.8791666666666667,1.0,0.0,0.03,0.0,10.0,100000000,3262059,0.03262059,0.0114877244351074
36_Latency3pct_Jitter10deg,Dolinar,0.95,1.0,0.0,0.03,0.0,10.0,100000000,3062848,0.03062848,0.0068093286735723
36_Latency3pct_Jitter10deg,Opt_Kennedy,0.95,1.0,0.0,0.03,0.0,10.0,100000000,2638295,0.02638295,0.0068093286735723
36_Latency3pct_Jitter10deg,Dolinar,1.0208333333333333,1.0,0.0,0.03,0.0,10.0,100000000,2646007,0.02646007,0.0038843281395801
36_Latency3pct_Jitter10deg,Opt_Kennedy,1.0208333333333333,1.0,0.0,0.03,0.0,10.0,100000000,2293983,0.02293983,0.0038843281395801
36_Latency3pct_Jitter10deg,Dolinar,1.0916666666666668,1.0,0.0,0.03,0.0,10.0,100000000,2375374,0.02375374,0.002131124707823
36_Latency3pct_Jitter10deg,Opt_Kennedy,1.0916666666666668,1.0,0.0,0.03,0.0,10.0,100000000,2159274,0.02159274,0.002131124707823
36_Latency3pct_Jitter10deg,Dolinar,1.1625,1.0,0.0,0.03,0.0,10.0,100000000,2212086,0.02212086,0.001124075168671
36_Latency3pct_Jitter10deg,Opt_Kennedy,1.1625,1.0,0.0,0.03,0.0,10.0,100000000,2171225,0.02171225,0.001124075168671
36_Latency3pct_Jitter10deg,Dolinar,1.2333333333333334,1.0,0.0,0.03,0.0,10.0,100000000,2119281,0.02119281,0.0005698320948016
36_Latency3pct_Jitter10deg,Opt_Kennedy,1.2333333333333334,1.0,0.0,0.03,0.0,10.0,100000000,2281747,0.02281747,0.0005698320948016
36_Latency3pct_Jitter10deg,Dolinar,1.3041666666666667,1.0,0.0,0.03,0.0,10.0,100000000,2080695,0.02080695,0.0002775749626994
36_Latency3pct_Jitter10deg,Opt_Kennedy,1.3041666666666667,1.0,0.0,0.03,0.0,10.0,100000000,2454496,0.02454496,0.0002775749626994
36_Latency3pct_Jitter10deg,Dolinar,1.375,1.0,0.0,0.03,0.0,10.0,100000000,2072094,0.02072094,0.000129910547289
36_Latency3pct_Jitter10deg,Opt_Kennedy,1.375,1.0,0.0,0.03,0.0,10.0,100000000,2666873,0.02666873,0.000129910547289
36_Latency3pct_Jitter10deg,Dolinar,1.4458333333333333,1.0,0.0,0.03,0.0,10.0,100000000,2092711,0.02092711,5.84130019065654e-05
36_Latency3pct_Jitter10deg,Opt_Kennedy,1.4458333333333333,1.0,0.0,0.03,0.0,10.0,100000000,2899937,0.02899937,5.84130019065654e-05
36_Latency3pct_Jitter10deg,Dolinar,1.5166666666666666,1.0,0.0,0.03,0.0,10.0,100000000,2133073,0.02133073,2.5232436221322985e-05
36_Latency3pct_Jitter10deg,Opt_Kennedy,1.5166666666666666,1.0,0.0,0.03,0.0,10.0,100000000,3158469,0.03158469,2.5232436221322985e-05
36_Latency3pct_Jitter10deg,Dolinar,1.5875,1.0,0.0,0.03,0.0,10.0,100000000,2181910,0.0218191,1.0470917661709043e-05
36_Latency3pct_Jitter10deg,Opt_Kennedy,1.5875,1.0,0.0,0.03,0.0,10.0,100000000,3428739,0.03428739,1.0470917661709043e-05
36_Latency3pct_Jitter10deg,Dolinar,1.6583333333333334,1.0,0.0,0.03,0.0,10.0,100000000,2242446,0.02242446,4.174282942914775e-06
36_Latency3pct_Jitter10deg,Opt_Kennedy,1.6583333333333334,1.0,0.0,0.03,0.0,10.0,100000000,3706348,0.03706348,4.174282942914775e-06
36_Latency3pct_Jitter10deg,Dolinar,1.7291666666666667,1.0,0.0,0.03,0.0,10.0,100000000,2308920,0.0230892,1.5986321398875347e-06
36_Latency3pct_Jitter10deg,Opt_Kennedy,1.7291666666666667,1.0,0.0,0.03,0.0,10.0,100000000,3993509,0.03993509,1.5986321398875347e-06
36_Latency3pct_Jitter10deg,Dolinar,1.8,1.0,0.0,0.03,0.0,10.0,100000000,2379280,0.0237928,5.88144145885483e-07
36_Latency3pct_Jitter10deg,Opt_Kennedy,1.8,1.0,0.0,0.03,0.0,10.0,100000000,4280691,0.04280691,5.88144145885483e-07
37_Commercial_APD_LowNoise,Dolinar,0.1,0.7,0.005,0.02,0.03,5.0,100000000,41950699,0.41950699,0.4169162573081335
37_Commercial_APD_LowNoise,Opt_Kennedy,0.1,0.7,0.005,0.02,0.03,5.0,100000000,42921340,0.4292134,0.4169162573081335
37_Commercial_APD_LowNoise,Dolinar,0.1708333333333333,0.7,0.005,0.02,0.03,5.0,100000000,36432130,0.3643213,0.359941353927634
37_Commercial_APD_LowNoise,Opt_Kennedy,0.1708333333333333,0.7,0.005,0.02,0.03,5.0,100000000,38012632,0.38012632,0.359941353927634
37_Commercial_APD_LowNoise,Dolinar,0.2416666666666666,0.7,0.005,0.02,0.03,5.0,100000000,31160346,0.31160346,0.3057983724134153
37_Commercial_APD_LowNoise,Opt_Kennedy,0.2416666666666666,0.7,0.005,0.02,0.03,5.0,100000000,33266430,0.3326643,0.3057983724134153
37_Commercial_APD_LowNoise,Dolinar,0.3125,0.7,0.005,0.02,0.03,5.0,100000000,26253119,0.26253119,0.2554391089946533
37_Commercial_APD_LowNoise,Opt_Kennedy,0.3125,0.7,0.005,0.02,0.03,5.0,100000000,28754082,0.28754082,0.2554391089946533
37_Commercial_APD_LowNoise,Dolinar,0.3833333333333333,0.7,0.005,0.02,0.03,5.0,100000000,21767085,0.21767085,0.209609029157555
37_Commercial_APD_LowNoise,Opt_Kennedy,0.3833333333333333,0.7,0.005,0.02,0.03,5.0,100000000,24520518,0.24520518,0.209609029157555
37_Commercial_APD_LowNoise,Dolinar,0.4541666666666666,0.7,0.005,0.02,0.03,5.0,100000000,17745102,0.17745102,0.1688174894700547
37_Commercial_APD_LowNoise,Opt_Kennedy,0.4541666666666666,0.7,0.005,0.02,0.03,5.0,100000000,20608555,0.20608555,0.1688174894700547
37_Commercial_APD_LowNoise,Dolinar,0.525,0.7,0.005,0.02,0.03,5.0,100000000,14228820,0.1422882,0.1333269521825501
37_Commercial_APD_LowNoise,Opt_Kennedy,0.525,0.7,0.005,0.02,0.03,5.0,100000000,17062642,0.17062642,0.1333269521825501
37_Commercial_APD_LowNoise,Dolinar,0.5958333333333333,0.7,0.005,0.02,0.03,5.0,100000000,11212680,0.1121268,0.1031610410695942
37_Commercial_APD_LowNoise,Opt_Kennedy,0.5958333333333333,0.7,0.005,0.02,0.03,5.0,100000000,13894235,0.13894235,0.1031610410695942
37_Commercial_APD_LowNoise,Dolinar,0.6666666666666666,0.7,0.005,0.02,0.03,5.0,100000000,8694262,0.08694262,0.0781294392072105
37_Commercial_APD_LowNoise,Opt_Kennedy,0.6666666666666666,0.7,0.005,0.02,0.03,5.0,100000000,11133178,0.11133178,0.0781294392072105
37_Commercial_APD_LowNoise,Dolinar,0.7374999999999999,0.7,0.005,0.02,0.03,5.0,100000000,6630881,0.06630881,0.0578660733112622
37_Commercial_APD_LowNoise,Opt_Kennedy,0.7374999999999999,0.7,0.005,0.02,0.03,5.0,100000000,8764666,0.08764666,0.0578660733112622
37_Commercial_APD_LowNoise,Dolinar,0.8083333333333332,0.7,0.005,0.02,0.03,5.0,100000000,4989321,0.04989321,0.0418759274266019
37_Commercial_APD_LowNoise,Opt_Kennedy,0.8083333333333332,0.7,0.005,0.02,0.03,5.0,100000000,6784995,0.06784995,0.0418759274266019
37_Commercial_APD_LowNoise,Dolinar,0.8791666666666667,0.7,0.005,0.02,0.03,5.0,100000000,3720365,0.03720365,0.0295852937994686
37_Commercial_APD_LowNoise,Opt_Kennedy,0.8791666666666667,0.7,0.005,0.02,0.03,5.0,100000000,5167164,0.05167164,0.0295852937994686
37_Commercial_APD_LowNoise,Dolinar,0.95,0.7,0.005,0.02,0.03,5.0,100000000,2754244,0.02754244,0.0203903556461467
37_Commercial_APD_LowNoise,Opt_Kennedy,0.95,0.7,0.005,0.02,0.03,5.0,100000000,3888638,0.03888638,0.0203903556461467
37_Commercial_APD_LowNoise,Dolinar,1.0208333333333333,0.7,0.005,0.02,0.03,5.0,100000000,2042861,0.02042861,0.0136996922963623
37_Commercial_APD_LowNoise,Opt_Kennedy,1.0208333333333333,0.7,0.005,0.02,0.03,5.0,100000000,2909396,0.02909396,0.0136996922963623
37_Commercial_APD_LowNoise,Dolinar,1.0916666666666668,0.7,0.005,0.02,0.03,5.0,100000000,1534839,0.01534839,0.0089675074780555
37_Commercial_APD_LowNoise,Opt_Kennedy,1.0916666666666668,0.7,0.005,0.02,0.03,5.0,100000000,2181875,0.02181875,0.0089675074780555
37_Commercial_APD_LowNoise,Dolinar,1.1625,0.7,0.005,0.02,0.03,5.0,100000000,1176217,0.01176217,0.0057159227139875
37_Commercial_APD_LowNoise,Opt_Kennedy,1.1625,0.7,0.005,0.02,0.03,5.0,100000000,1667015,0.01667015,0.0057159227139875
37_Commercial_APD_LowNoise,Dolinar,1.2333333333333334,0.7,0.005,0.02,0.03,5.0,100000000,935086,0.00935086,0.0035462914703669
37_Commercial_APD_LowNoise,Opt_Kennedy,1.2333333333333334,0.7,0.005,0.02,0.03,5.0,100000000,1325766,0.01325766,0.0035462914703669
37_Commercial_APD_LowNoise,Dolinar,1.3041666666666667,0.7,0.005,0.02,0.03,5.0,100000000,776390,0.0077639,0.0021408911327607
37_Commercial_APD_LowNoise,Opt_Kennedy,1.3041666666666667,0.7,0.005,0.02,0.03,5.0,100000000,1112769,0.01112769,0.0021408911327607
37_Commercial_APD_LowNoise,Dolinar,1.375,0.7,0.005,0.02,0.03,5.0,100000000,676601,0.00676601,0.0012573030771084
37_Commercial_APD_LowNoise,Opt_Kennedy,1.375,0.7,0.005,0.02,0.03,5.0,100000000,990878,0.00990878,0.0012573030771084
37_Commercial_APD_LowNoise,Dolinar,1.4458333333333333,0.7,0.005,0.02,0.03,5.0,100000000,612860,0.0061286,0.0007181793697562
37_Commercial_APD_LowNoise,Opt_Kennedy,1.4458333333333333,0.7,0.005,0.02,0.03,5.0,100000000,936718,0.00936718,0.0007181793697562
37_Commercial_APD_LowNoise,Dolinar,1.5166666666666666,0.7,0.005,0.02,0.03,5.0,100000000,576306,0.00576306,0.0003989505399609
37_Commercial_APD_LowNoise,Opt_Kennedy,1.5166666666666666,0.7,0.005,0.02,0.03,5.0,100000000,927126,0.00927126,0.0003989505399609
37_Commercial_APD_LowNoise,Dolinar,1.5875,0.7,0.005,0.02,0.03,5.0,100000000,554529,0.00554529,0.0002155071800851
37_Commercial_APD_LowNoise,Opt_Kennedy,1.5875,0.7,0.005,0.02,0.03,5.0,100000000,947795,0.00947795,0.0002155071800851
37_Commercial_APD_LowNoise,Dolinar,1.6583333333333334,0.7,0.005,0.02,0.03,5.0,100000000,544070,0.0054407,0.0001131975991255
37_Commercial_APD_LowNoise,Opt_Kennedy,1.6583333333333334,0.7,0.005,0.02,0.03,5.0,100000000,984221,0.00984221,0.0001131975991255
37_Commercial_APD_LowNoise,Dolinar,1.7291666666666667,0.7,0.005,0.02,0.03,5.0,100000000,537195,0.00537195,5.781367856666497e-05
37_Commercial_APD_LowNoise,Opt_Kennedy,1.7291666666666667,0.7,0.005,0.02,0.03,5.0,100000000,1033518,0.01033518,5.781367856666497e-05
37_Commercial_APD_LowNoise,Dolinar,1.8,0.7,0.005,0.02,0.03,5.0,100000000,538433,0.00538433,2.8709983150299045e-05
37_Commercial_APD_LowNoise,Opt_Kennedy,1.8,0.7,0.005,0.02,0.03,5.0,100000000,1094302,0.01094302,2.8709983150299045e-05
38_Commercial_APD_MidNoise,Dolinar,0.1,0.65,0.01,0.02,0.04,8.0,100000000,42384757,0.42384757,0.4198986417230476
38_Commercial_APD_MidNoise,Opt_Kennedy,0.1,0.65,0.01,0.02,0.04,8.0,100000000,43249165,0.43249165,0.4198986417230476
38_Commercial_APD_MidNoise,Dolinar,0.1708333333333333,0.65,0.01,0.02,0.04,8.0,100000000,37142394,0.37142394,0.364841618200836
38_Commercial_APD_MidNoise,Opt_Kennedy,0.1708333333333333,0.65,0.01,0.02,0.04,8.0,100000000,38557813,0.38557813,0.364841618200836
38_Commercial_APD_MidNoise,Dolinar,0.2416666666666666,0.65,0.01,0.02,0.04,8.0,100000000,32127850,0.3212785,0.3123297606752383
38_Commercial_APD_MidNoise,Opt_Kennedy,0.2416666666666666,0.65,0.01,0.02,0.04,8.0,100000000,34028362,0.34028362,0.3123297606752383
38_Commercial_APD_MidNoise,Dolinar,0.3125,0.65,0.01,0.02,0.04,8.0,100000000,27429302,0.27429302,0.2632324592357655
38_Commercial_APD_MidNoise,Opt_Kennedy,0.3125,0.65,0.01,0.02,0.04,8.0,100000000,29699423,0.29699423,0.2632324592357655
38_Commercial_APD_MidNoise,Dolinar,0.3833333333333333,0.65,0.01,0.02,0.04,8.0,100000000,23096216,0.23096216,0.2182452919056892
38_Commercial_APD_MidNoise,Opt_Kennedy,0.3833333333333333,0.65,0.01,0.02,0.04,8.0,100000000,25601744,0.25601744,0.2182452919056892
38_Commercial_APD_MidNoise,Dolinar,0.4541666666666666,0.65,0.01,0.02,0.04,8.0,100000000,19190358,0.19190358,0.1778630951192791
38_Commercial_APD_MidNoise,Opt_Kennedy,0.4541666666666666,0.65,0.01,0.02,0.04,8.0,100000000,21815567,0.21815567,0.1778630951192791
38_Commercial_APD_MidNoise,Dolinar,0.525,0.65,0.01,0.02,0.04,8.0,100000000,15720944,0.15720944,0.1423681432504262
38_Commercial_APD_MidNoise,Opt_Kennedy,0.525,0.65,0.01,0.02,0.04,8.0,100000000,18358157,0.18358157,0.1423681432504262
38_Commercial_APD_MidNoise,Dolinar,0.5958333333333333,0.65,0.01,0.02,0.04,8.0,100000000,12729363,0.12729363,0.1118335862958591
38_Commercial_APD_MidNoise,Opt_Kennedy,0.5958333333333333,0.65,0.01,0.02,0.04,8.0,100000000,15245732,0.15245732,0.1118335862958591
38_Commercial_APD_MidNoise,Dolinar,0.6666666666666666,0.65,0.01,0.02,0.04,8.0,100000000,10180033,0.10180033,0.086140891591551
38_Commercial_APD_MidNoise,Opt_Kennedy,0.6666666666666666,0.65,0.01,0.02,0.04,8.0,100000000,12498666,0.12498666,0.086140891591551
38_Commercial_APD_MidNoise,Dolinar,0.7374999999999999,0.65,0.01,0.02,0.04,8.0,100000000,8062639,0.08062639,0.0650088128566554
38_Commercial_APD_MidNoise,Opt_Kennedy,0.7374999999999999,0.65,0.01,0.02,0.04,8.0,100000000,10123118,0.10123118,0.0650088128566554
38_Commercial_APD_MidNoise,Dolinar,0.8083333333333332,0.65,0.01,0.02,0.04,8.0,100000000,6343607,0.06343607,0.0480304874745539
38_Commercial_APD_MidNoise,Opt_Kennedy,0.8083333333333332,0.65,0.01,0.02,0.04,8.0,100000000,8108251,0.08108251,0.0480304874745539
38_Commercial_APD_MidNoise,Dolinar,0.8791666666666667,0.65,0.01,0.02,0.04,8.0,100000000,4985146,0.04985146,0.0347147284815259
38_Commercial_APD_MidNoise,Opt_Kennedy,0.8791666666666667,0.65,0.01,0.02,0.04,8.0,100000000,6441873,0.06441873,0.0347147284815259
38_Commercial_APD_MidNoise,Dolinar,0.95,0.65,0.01,0.02,0.04,8.0,100000000,3929730,0.0392973,0.0245274821563057
38_Commercial_APD_MidNoise,Opt_Kennedy,0.95,0.65,0.01,0.02,0.04,8.0,100000000,5103786,0.05103786,0.0245274821563057
38_Commercial_APD_MidNoise,Dolinar,1.0208333333333333,0.65,0.01,0.02,0.04,8.0,100000000,3134934,0.03134934,0.0169297737628545
38_Commercial_APD_MidNoise,Opt_Kennedy,1.0208333333333333,0.65,0.01,0.02,0.04,8.0,100000000,4063213,0.04063213,0.0169297737628545
38_Commercial_APD_MidNoise,Dolinar,1.0916666666666668,0.65,0.01,0.02,0.04,8.0,100000000,2552020,0.0255202,0.0114092203808503
38_Commercial_APD_MidNoise,Opt_Kennedy,1.0916666666666668,0.65,0.01,0.02,0.04,8.0,100000000,3281833,0.03281833,0.0114092203808503
38_Commercial_APD_MidNoise,Dolinar,1.1625,0.65,0.01,0.02,0.04,8.0,100000000,2128045,0.02128045,0.0075032496131625
38_Commercial_APD_MidNoise,Opt_Kennedy,1.1625,0.65,0.01,0.02,0.04,8.0,100000000,2726276,0.02726276,0.0075032496131625
38_Commercial_APD_MidNoise,Dolinar,1.2333333333333334,0.65,0.01,0.02,0.04,8.0,100000000,1835866,0.01835866,0.004813367862394
38_Commercial_APD_MidNoise,Opt_Kennedy,1.2333333333333334,0.65,0.01,0.02,0.04,8.0,100000000,2353139,0.02353139,0.004813367862394
38_Commercial_APD_MidNoise,Dolinar,1.3041666666666667,0.65,0.01,0.02,0.04,8.0,100000000,1637795,0.01637795,0.0030109770622306
38_Commercial_APD_MidNoise,Opt_Kennedy,1.3041666666666667,0.65,0.01,0.02,0.04,8.0,100000000,2127715,0.02127715,0.0030109770622306
38_Commercial_APD_MidNoise,Dolinar,1.375,0.65,0.01,0.02,0.04,8.0,100000000,1509332,0.01509332,0.0018361550908149
38_Commercial_APD_MidNoise,Opt_Kennedy,1.375,0.65,0.01,0.02,0.04,8.0,100000000,2011602,0.02011602,0.0018361550908149
38_Commercial_APD_MidNoise,Dolinar,1.4458333333333333,0.65,0.01,0.02,0.04,8.0,100000000,1425068,0.01425068,0.0010913597560139
38_Commercial_APD_MidNoise,Opt_Kennedy,1.4458333333333333,0.65,0.01,0.02,0.04,8.0,100000000,1981344,0.01981344,0.0010913597560139
38_Commercial_APD_MidNoise,Dolinar,1.5166666666666666,0.65,0.01,0.02,0.04,8.0,100000000,1378064,0.01378064,0.0006321497575785
38_Commercial_APD_MidNoise,Opt_Kennedy,1.5166666666666666,0.65,0.01,0.02,0.04,8.0,100000000,2006411,0.02006411,0.0006321497575785
38_Commercial_APD_MidNoise,Dolinar,1.5875,0.65,0.01,0.02,0.04,8.0,100000000,1350310,0.0135031,0.0003567969339378
38_Commercial_APD_MidNoise,Opt_Kennedy,1.5875,0.65,0.01,0.02,0.04,8.0,100000000,2077651,0.02077651,0.0003567969339378
38_Commercial_APD_MidNoise,Dolinar,1.6583333333333334,0.65,0.01,0.02,0.04,8.0,100000000,1339831,0.01339831,0.0001962190975675
38_Commercial_APD_MidNoise,Opt_Kennedy,1.6583333333333334,0.65,0.01,0.02,0.04,8.0,100000000,2172688,0.02172688,0.0001962190975675
38_Commercial_APD_MidNoise,Dolinar,1.7291666666666667,0.65,0.01,0.02,0.04,8.0,100000000,1337893,0.01337893,0.0001051382553577
38_Commercial_APD_MidNoise,Opt_Kennedy,1.7291666666666667,0.65,0.01,0.02,0.04,8.0,100000000,2290508,0.02290508,0.0001051382553577
38_Commercial_APD_MidNoise,Dolinar,1.8,0.65,0.01,0.02,0.04,8.0,100000000,1341598,0.01341598,5.488670134679019e-05
38_Commercial_APD_MidNoise,Opt_Kennedy,1.8,0.65,0.01,0.02,0.04,8.0,100000000,2417400,0.024174,5.488670134679019e-05
39_Commercial_APD_HighNoise,Dolinar,0.1,0.6,0.02,0.03,0.05,10.0,100000000,42862491,0.42862491,0.4230027756310484
39_Commercial_APD_HighNoise,Opt_Kennedy,0.1,0.6,0.02,0.03,0.05,10.0,100000000,43607374,0.43607374,0.4230027756310484
39_Commercial_APD_HighNoise,Dolinar,0.1708333333333333,0.6,0.02,0.03,0.05,10.0,100000000,37920148,0.37920148,0.3699567100662346
39_Commercial_APD_HighNoise,Opt_Kennedy,0.1708333333333333,0.6,0.02,0.03,0.05,10.0,100000000,39172895,0.39172895,0.3699567100662346
39_Commercial_APD_HighNoise,Dolinar,0.2416666666666666,0.6,0.02,0.03,0.05,10.0,100000000,33174964,0.33174964,0.3191778183085119
39_Commercial_APD_HighNoise,Opt_Kennedy,0.2416666666666666,0.6,0.02,0.03,0.05,10.0,100000000,34861207,0.34861207,0.3191778183085119
39_Commercial_APD_HighNoise,Dolinar,0.3125,0.6,0.02,0.03,0.05,10.0,100000000,28706236,0.28706236,0.2714530195180299
39_Commercial_APD_HighNoise,Opt_Kennedy,0.3125,0.6,0.02,0.03,0.05,10.0,100000000,30735920,0.3073592,0.2714530195180299
39_Commercial_APD_HighNoise,Dolinar,0.3833333333333333,0.6,0.02,0.03,0.05,10.0,100000000,24555472,0.24555472,0.2274249758375859
39_Commercial_APD_HighNoise,Opt_Kennedy,0.3833333333333333,0.6,0.02,0.03,0.05,10.0,100000000,26822597,0.26822597,0.2274249758375859
39_Commercial_APD_HighNoise,Dolinar,0.4541666666666666,0.6,0.02,0.03,0.05,10.0,100000000,20778662,0.20778662,0.1875682110594536
39_Commercial_APD_HighNoise,Opt_Kennedy,0.4541666666666666,0.6,0.02,0.03,0.05,10.0,100000000,23175336,0.23175336,0.1875682110594536
39_Commercial_APD_HighNoise,Dolinar,0.525,0.6,0.02,0.03,0.05,10.0,100000000,17386203,0.17386203,0.1521769985528174
39_Commercial_APD_HighNoise,Opt_Kennedy,0.525,0.6,0.02,0.03,0.05,10.0,100000000,19816981,0.19816981,0.1521769985528174
39_Commercial_APD_HighNoise,Dolinar,0.5958333333333333,0.6,0.02,0.03,0.05,10.0,100000000,14418172,0.14418172,0.1213653420981459
39_Commercial_APD_HighNoise,Opt_Kennedy,0.5958333333333333,0.6,0.02,0.03,0.05,10.0,100000000,16777447,0.16777447,0.1213653420981459
39_Commercial_APD_HighNoise,Dolinar,0.6666666666666666,0.6,0.02,0.03,0.05,10.0,100000000,11857271,0.11857271,0.0950783368555753
39_Commercial_APD_HighNoise,Opt_Kennedy,0.6666666666666666,0.6,0.02,0.03,0.05,10.0,100000000,14066243,0.14066243,0.0950783368555753
39_Commercial_APD_HighNoise,Dolinar,0.7374999999999999,0.6,0.02,0.03,0.05,10.0,100000000,9694560,0.0969456,0.0731132657277207
39_Commercial_APD_HighNoise,Opt_Kennedy,0.7374999999999999,0.6,0.02,0.03,0.05,10.0,100000000,11691186,0.11691186,0.0731132657277207
39_Commercial_APD_HighNoise,Dolinar,0.8083333333333332,0.6,0.02,0.03,0.05,10.0,100000000,7899851,0.07899851,0.0551480438308503
39_Commercial_APD_HighNoise,Opt_Kennedy,0.8083333333333332,0.6,0.02,0.03,0.05,10.0,100000000,9663366,0.09663366,0.0551480438308503
39_Commercial_APD_HighNoise,Dolinar,0.8791666666666667,0.6,0.02,0.03,0.05,10.0,100000000,6445811,0.06445811,0.0407741361644989
39_Commercial_APD_HighNoise,Opt_Kennedy,0.8791666666666667,0.6,0.02,0.03,0.05,10.0,100000000,7948831,0.07948831,0.0407741361644989
39_Commercial_APD_HighNoise,Dolinar,0.95,0.6,0.02,0.03,0.05,10.0,100000000,5300663,0.05300663,0.0295308835902532
39_Commercial_APD_HighNoise,Opt_Kennedy,0.95,0.6,0.02,0.03,0.05,10.0,100000000,6557130,0.0655713,0.0295308835902532
39_Commercial_APD_HighNoise,Dolinar,1.0208333333333333,0.6,0.02,0.03,0.05,10.0,100000000,4403131,0.04403131,0.0209382967548704
39_Commercial_APD_HighNoise,Opt_Kennedy,1.0208333333333333,0.6,0.02,0.03,0.05,10.0,100000000,5446360,0.0544636,0.0209382967548704
39_Commercial_APD_HighNoise,Dolinar,1.0916666666666668,0.6,0.02,0.03,0.05,10.0,100000000,3726759,0.03726759,0.0145258030202441
39_Commercial_APD_HighNoise,Opt_Kennedy,1.0916666666666668,0.6,0.02,0.03,0.05,10.0,100000000,4593120,0.0459312,0.0145258030202441
39_Commercial_APD_HighNoise,Dolinar,1.1625,0.6,0.02,0.03,0.05,10.0,100000000,3225658,0.03225658,0.0098551080937721
39_Commercial_APD_HighNoise,Opt_Kennedy,1.1625,0.6,0.02,0.03,0.05,10.0,100000000,3968396,0.03968396,0.0098551080937721
39_Commercial_APD_HighNoise,Dolinar,1.2333333333333334,0.6,0.02,0.03,0.05,10.0,100000000,2861064,0.02861064,0.0065361733455259
39_Commercial_APD_HighNoise,Opt_Kennedy,1.2333333333333334,0.6,0.02,0.03,0.05,10.0,100000000,3543398,0.03543398,0.0065361733455259
39_Commercial_APD_HighNoise,Dolinar,1.3041666666666667,0.6,0.02,0.03,0.05,10.0,100000000,2609075,0.02609075,0.004236190676008
39_Commercial_APD_HighNoise,Opt_Kennedy,1.3041666666666667,0.6,0.02,0.03,0.05,10.0,100000000,3278234,0.03278234,0.004236190676008
39_Commercial_APD_HighNoise,Dolinar,1.375,0.6,0.02,0.03,0.05,10.0,100000000,2431246,0.02431246,0.0026822251950255
39_Commercial_APD_HighNoise,Opt_Kennedy,1.375,0.6,0.02,0.03,0.05,10.0,100000000,3138818,0.03138818,0.0026822251950255
39_Commercial_APD_HighNoise,Dolinar,1.4458333333333333,0.6,0.02,0.03,0.05,10.0,100000000,2316374,0.02316374,0.0016587750421122
39_Commercial_APD_HighNoise,Opt_Kennedy,1.4458333333333333,0.6,0.02,0.03,0.05,10.0,100000000,3096693,0.03096693,0.0016587750421122
39_Commercial_APD_HighNoise,Dolinar,1.5166666666666666,0.6,0.02,0.03,0.05,10.0,100000000,2241703,0.02241703,0.0010017981662625
39_Commercial_APD_HighNoise,Opt_Kennedy,1.5166666666666666,0.6,0.02,0.03,0.05,10.0,100000000,3129601,0.03129601,0.0010017981662625
39_Commercial_APD_HighNoise,Dolinar,1.5875,0.6,0.02,0.03,0.05,10.0,100000000,2201162,0.02201162,0.000590773174707
39_Commercial_APD_HighNoise,Opt_Kennedy,1.5875,0.6,0.02,0.03,0.05,10.0,100000000,3213818,0.03213818,0.000590773174707
39_Commercial_APD_HighNoise,Dolinar,1.6583333333333334,0.6,0.02,0.03,0.05,10.0,100000000,2176291,0.02176291,0.0003401510348351
39_Commercial_APD_HighNoise,Opt_Kennedy,1.6583333333333334,0.6,0.02,0.03,0.05,10.0,100000000,3342418,0.03342418,0.0003401510348351
39_Commercial_APD_HighNoise,Dolinar,1.7291666666666667,0.6,0.02,0.03,0.05,10.0,100000000,2166828,0.02166828,0.0001912087488605
39_Commercial_APD_HighNoise,Opt_Kennedy,1.7291666666666667,0.6,0.02,0.03,0.05,10.0,100000000,3493231,0.03493231,0.0001912087488605
39_Commercial_APD_HighNoise,Dolinar,1.8,0.6,0.02,0.03,0.05,10.0,100000000,2171073,0.02171073,0.0001049329038818
39_Commercial_APD_HighNoise,Opt_Kennedy,1.8,0.6,0.02,0.03,0.05,10.0,100000000,3663894,0.03663894,0.0001049329038818
40_Cheap_APD_ExtremeNoise,Dolinar,0.1,0.5,0.05,0.04,0.08,15.0,100000000,43933805,0.43933805,0.4296414065425467
40_Cheap_APD_ExtremeNoise,Opt_Kennedy,0.1,0.5,0.05,0.04,0.08,15.0,100000000,44441405,0.44441405,0.4296414065425467
40_Cheap_APD_ExtremeNoise,Dolinar,0.1708333333333333,0.5,0.05,0.04,0.08,15.0,100000000,39706231,0.39706231,0.3809440212956769
40_Cheap_APD_ExtremeNoise,Opt_Kennedy,0.1708333333333333,0.5,0.05,0.04,0.08,15.0,100000000,40572517,0.40572517,0.3809440212956769
40_Cheap_APD_ExtremeNoise,Dolinar,0.2416666666666666,0.5,0.05,0.04,0.08,15.0,100000000,35611187,0.35611187,0.3339865855421436
40_Cheap_APD_ExtremeNoise,Opt_Kennedy,0.2416666666666666,0.5,0.05,0.04,0.08,15.0,100000000,36798556,0.36798556,0.3339865855421436
40_Cheap_APD_ExtremeNoise,Dolinar,0.3125,0.5,0.05,0.04,0.08,15.0,100000000,31722877,0.31722877,0.2893922855156206
40_Cheap_APD_ExtremeNoise,Opt_Kennedy,0.3125,0.5,0.05,0.04,0.08,15.0,100000000,33146424,0.33146424,0.2893922855156206
40_Cheap_APD_ExtremeNoise,Dolinar,0.3833333333333333,0.5,0.05,0.04,0.08,15.0,100000000,28032727,0.28032727,0.2476903215010275
40_Cheap_APD_ExtremeNoise,Opt_Kennedy,0.3833333333333333,0.5,0.05,0.04,0.08,15.0,100000000,29675646,0.29675646,0.2476903215010275
40_Cheap_APD_ExtremeNoise,Dolinar,0.4541666666666666,0.5,0.05,0.04,0.08,15.0,100000000,24623844,0.24623844,0.2092983536402849
40_Cheap_APD_ExtremeNoise,Opt_Kennedy,0.4541666666666666,0.5,0.05,0.04,0.08,15.0,100000000,26389119,0.26389119,0.2092983536402849
40_Cheap_APD_ExtremeNoise,Dolinar,0.525,0.5,0.05,0.04,0.08,15.0,100000000,21502297,0.21502297,0.1745115492340012
40_Cheap_APD_ExtremeNoise,Opt_Kennedy,0.525,0.5,0.05,0.04,0.08,15.0,100000000,23326357,0.23326357,0.1745115492340012
40_Cheap_APD_ExtremeNoise,Dolinar,0.5958333333333333,0.5,0.05,0.04,0.08,15.0,100000000,18690170,0.1869017,0.1434986419304459
40_Cheap_APD_ExtremeNoise,Opt_Kennedy,0.5958333333333333,0.5,0.05,0.04,0.08,15.0,100000000,20519553,0.20519553,0.1434986419304459
40_Cheap_APD_ExtremeNoise,Dolinar,0.6666666666666666,0.5,0.05,0.04,0.08,15.0,100000000,16205659,0.16205659,0.1163049031155035
40_Cheap_APD_ExtremeNoise,Opt_Kennedy,0.6666666666666666,0.5,0.05,0.04,0.08,15.0,100000000,17961444,0.17961444,0.1163049031155035
40_Cheap_APD_ExtremeNoise,Dolinar,0.7374999999999999,0.5,0.05,0.04,0.08,15.0,100000000,14018727,0.14018727,0.0928614401391785
40_Cheap_APD_ExtremeNoise,Opt_Kennedy,0.7374999999999999,0.5,0.05,0.04,0.08,15.0,100000000,15671513,0.15671513,0.0928614401391785
40_Cheap_APD_ExtremeNoise,Dolinar,0.8083333333333332,0.5,0.05,0.04,0.08,15.0,100000000,12145602,0.12145602,0.0729998125638419
40_Cheap_APD_ExtremeNoise,Opt_Kennedy,0.8083333333333332,0.5,0.05,0.04,0.08,15.0,100000000,13660718,0.13660718,0.0729998125638419
40_Cheap_APD_ExtremeNoise,Dolinar,0.8791666666666667,0.5,0.05,0.04,0.08,15.0,100000000,10560516,0.10560516,0.0564706280899237
40_Cheap_APD_ExtremeNoise,Opt_Kennedy,0.8791666666666667,0.5,0.05,0.04,0.08,15.0,100000000,11930497,0.11930497,0.0564706280899237
40_Cheap_APD_ExtremeNoise,Dolinar,0.95,0.5,0.05,0.04,0.08,15.0,100000000,9242574,0.09242574,0.0429645682710023
40_Cheap_APD_ExtremeNoise,Opt_Kennedy,0.95,0.5,0.05,0.04,0.08,15.0,100000000,10455850,0.1045585,0.0429645682710023
40_Cheap_APD_ExtremeNoise,Dolinar,1.0208333333333333,0.5,0.05,0.04,0.08,15.0,100000000,8173586,0.08173586,0.0321342160576304
40_Cheap_APD_ExtremeNoise,Opt_Kennedy,1.0208333333333333,0.5,0.05,0.04,0.08,15.0,100000000,9238348,0.09238348,0.0321342160576304
40_Cheap_APD_ExtremeNoise,Dolinar,1.0916666666666668,0.5,0.05,0.04,0.08,15.0,100000000,7310273,0.07310273,0.0236151184712312
40_Cheap_APD_ExtremeNoise,Opt_Kennedy,1.0916666666666668,0.5,0.05,0.04,0.08,15.0,100000000,8269420,0.0826942,0.0236151184712312
40_Cheap_APD_ExtremeNoise,Dolinar,1.1625,0.5,0.05,0.04,0.08,15.0,100000000,6637083,0.06637083,0.0170447129363855
40_Cheap_APD_ExtremeNoise,Opt_Kennedy,1.1625,0.5,0.05,0.04,0.08,15.0,100000000,7513581,0.07513581,0.0170447129363855
40_Cheap_APD_ExtremeNoise,Dolinar,1.2333333333333334,0.5,0.05,0.04,0.08,15.0,100000000,6108019,0.06108019,0.0120780563868755
40_Cheap_APD_ExtremeNoise,Opt_Kennedy,1.2333333333333334,0.5,0.05,0.04,0.08,15.0,100000000,6969176,0.06969176,0.0120780563868755
40_Cheap_APD_ExtremeNoise,Dolinar,1.3041666666666667,0.5,0.05,0.04,0.08,15.0,100000000,5711583,0.05711583,0.0083996891084822
40_Cheap_APD_ExtremeNoise,Opt_Kennedy,1.3041666666666667,0.5,0.05,0.04,0.08,15.0,100000000,6599824,0.06599824,0.0083996891084822
40_Cheap_APD_ExtremeNoise,Dolinar,1.375,0.5,0.05,0.04,0.08,15.0,100000000,5424891,0.05424891,0.0057313940992236
40_Cheap_APD_ExtremeNoise,Opt_Kennedy,1.375,0.5,0.05,0.04,0.08,15.0,100000000,6376596,0.06376596,0.0057313940992236
40_Cheap_APD_ExtremeNoise,Dolinar,1.4458333333333333,0.5,0.05,0.04,0.08,15.0,100000000,5209535,0.05209535,0.0038360234192838
40_Cheap_APD_ExtremeNoise,Opt_Kennedy,1.4458333333333333,0.5,0.05,0.04,0.08,15.0,100000000,6288840,0.0628884,0.0038360234192838
40_Cheap_APD_ExtremeNoise,Dolinar,1.5166666666666666,0.5,0.05,0.04,0.08,15.0,100000000,5063733,0.05063733,0.0025179030714683
40_Cheap_APD_ExtremeNoise,Opt_Kennedy,1.5166666666666666,0.5,0.05,0.04,0.08,15.0,100000000,6303298,0.06303298,0.0025179030714683
40_Cheap_APD_ExtremeNoise,Dolinar,1.5875,0.5,0.05,0.04,0.08,15.0,100000000,4968143,0.04968143,0.0016205576039497
40_Cheap_APD_ExtremeNoise,Opt_Kennedy,1.5875,0.5,0.05,0.04,0.08,15.0,100000000,6400764,0.06400764,0.0016205576039497
40_Cheap_APD_ExtremeNoise,Dolinar,1.6583333333333334,0.5,0.05,0.04,0.08,15.0,100000000,4904091,0.04904091,0.0010225966716366
40_Cheap_APD_ExtremeNoise,Opt_Kennedy,1.6583333333333334,0.5,0.05,0.04,0.08,15.0,100000000,6560769,0.06560769,0.0010225966716366
40_Cheap_APD_ExtremeNoise,Dolinar,1.7291666666666667,0.5,0.05,0.04,0.08,15.0,100000000,4873197,0.04873197,0.0006325847853319
40_Cheap_APD_ExtremeNoise,Opt_Kennedy,1.7291666666666667,0.5,0.05,0.04,0.08,15.0,100000000,6766217,0.06766217,0.0006325847853319
40_Cheap_APD_ExtremeNoise,Dolinar,1.8,0.5,0.05,0.04,0.08,15.0,100000000,4855829,0.04855829,0.0003835998186519
40_Cheap_APD_ExtremeNoise,Opt_Kennedy,1.8,0.5,0.05,0.04,0.08,15.0,100000000,7013206,0.07013206,0.0003835998186519
41_FreeSpace_Turbulent_APD,Dolinar,0.1,0.55,0.01,0.02,0.03,18.0,100000000,43208245,0.43208245,0.4262440427002842
41_FreeSpace_Turbulent_APD,Opt_Kennedy,0.1,0.55,0.01,0.02,0.03,18.0,100000000,44028480,0.4402848,0.4262440427002842
41_FreeSpace_Turbulent_APD,Dolinar,0.1708333333333333,0.55,0.01,0.02,0.03,18.0,100000000,38523955,0.38523955,0.3753132509707686
41_FreeSpace_Turbulent_APD,Opt_Kennedy,0.1708333333333333,0.55,0.01,0.02,0.03,18.0,100000000,39873615,0.39873615,0.3753132509707686
41_FreeSpace_Turbulent_APD,Dolinar,0.2416666666666666,0.55,0.01,0.02,0.03,18.0,100000000,34023257,0.34023257,0.3263810037614634
41_FreeSpace_Turbulent_APD,Opt_Kennedy,0.2416666666666666,0.55,0.01,0.02,0.03,18.0,100000000,35827373,0.35827373,0.3263810037614634
41_FreeSpace_Turbulent_APD,Dolinar,0.3125,0.55,0.01,0.02,0.03,18.0,100000000,29778001,0.29778001,0.2801520253239434
41_FreeSpace_Turbulent_APD,Opt_Kennedy,0.3125,0.55,0.01,0.02,0.03,18.0,100000000,31951034,0.31951034,0.2801520253239434
41_FreeSpace_Turbulent_APD,Dolinar,0.3833333333333333,0.55,0.01,0.02,0.03,18.0,100000000,25816713,0.25816713,0.2372133843058135
41_FreeSpace_Turbulent_APD,Opt_Kennedy,0.3833333333333333,0.55,0.01,0.02,0.03,18.0,100000000,28264084,0.28264084,0.2372133843058135
41_FreeSpace_Turbulent_APD,Dolinar,0.4541666666666666,0.55,0.01,0.02,0.03,18.0,100000000,22224454,0.22224454,0.198013767508966
41_FreeSpace_Turbulent_APD,Opt_Kennedy,0.4541666666666666,0.55,0.01,0.02,0.03,18.0,100000000,24808181,0.24808181,0.198013767508966
41_FreeSpace_Turbulent_APD,Dolinar,0.525,0.55,0.01,0.02,0.03,18.0,100000000,19001554,0.19001554,0.1628516981644227
41_FreeSpace_Turbulent_APD,Opt_Kennedy,0.525,0.55,0.01,0.02,0.03,18.0,100000000,21618836,0.21618836,0.1628516981644227
41_FreeSpace_Turbulent_APD,Dolinar,0.5958333333333333,0.55,0.01,0.02,0.03,18.0,100000000,16169848,0.16169848,0.131873100579246
41_FreeSpace_Turbulent_APD,Opt_Kennedy,0.5958333333333333,0.55,0.01,0.02,0.03,18.0,100000000,18711951,0.18711951,0.131873100579246
41_FreeSpace_Turbulent_APD,Dolinar,0.6666666666666666,0.55,0.01,0.02,0.03,18.0,100000000,13732888,0.13732888,0.1050778718837112
41_FreeSpace_Turbulent_APD,Opt_Kennedy,0.6666666666666666,0.55,0.01,0.02,0.03,18.0,100000000,16108967,0.16108967,0.1050778718837112
41_FreeSpace_Turbulent_APD,Dolinar,0.7374999999999999,0.55,0.01,0.02,0.03,18.0,100000000,11672498,0.11672498,0.0823344352208775
41_FreeSpace_Turbulent_APD,Opt_Kennedy,0.7374999999999999,0.55,0.01,0.02,0.03,18.0,100000000,13815038,0.13815038,0.0823344352208775
41_FreeSpace_Turbulent_APD,Dolinar,0.8083333333333332,0.55,0.01,0.02,0.03,18.0,100000000,9956833,0.09956833,0.0634006751089256
41_FreeSpace_Turbulent_APD,Opt_Kennedy,0.8083333333333332,0.55,0.01,0.02,0.03,18.0,100000000,11832552,0.11832552,0.0634006751089256
41_FreeSpace_Turbulent_APD,Dolinar,0.8791666666666667,0.55,0.01,0.02,0.03,18.0,100000000,8567386,0.08567386,0.0479492415993594
41_FreeSpace_Turbulent_APD,Opt_Kennedy,0.8791666666666667,0.55,0.01,0.02,0.03,18.0,100000000,10176127,0.10176127,0.0479492415993594
41_FreeSpace_Turbulent_APD,Dolinar,0.95,0.55,0.01,0.02,0.03,18.0,100000000,7460388,0.07460388,0.0355949884474788
41_FreeSpace_Turbulent_APD,Opt_Kennedy,0.95,0.55,0.01,0.02,0.03,18.0,100000000,8805045,0.08805045,0.0355949884474788
41_FreeSpace_Turbulent_APD,Dolinar,1.0208333333333333,0.55,0.01,0.02,0.03,18.0,100000000,6600684,0.06600684,0.0259222997966256
41_FreeSpace_Turbulent_APD,Opt_Kennedy,1.0208333333333333,0.55,0.01,0.02,0.03,18.0,100000000,7722731,0.07722731,0.0259222997966256
41_FreeSpace_Turbulent_APD,Dolinar,1.0916666666666668,0.55,0.01,0.02,0.03,18.0,100000000,5948768,0.05948768,0.0185102603618058
41_FreeSpace_Turbulent_APD,Opt_Kennedy,1.0916666666666668,0.55,0.01,0.02,0.03,18.0,100000000,6904756,0.06904756,0.0185102603618058
41_FreeSpace_Turbulent_APD,Dolinar,1.1625,0.55,0.01,0.02,0.03,18.0,100000000,5466525,0.05466525,0.0129540155134194
41_FreeSpace_Turbulent_APD,Opt_Kennedy,1.1625,0.55,0.01,0.02,0.03,18.0,100000000,6321895,0.06321895,0.0129540155134194
41_FreeSpace_Turbulent_APD,Dolinar,1.2333333333333334,0.55,0.01,0.02,0.03,18.0,100000000,5115583,0.05115583,0.0088812059444833
41_FreeSpace_Turbulent_APD,Opt_Kennedy,1.2333333333333334,0.55,0.01,0.02,0.03,18.0,100000000,5963709,0.05963709,0.0088812059444833
41_FreeSpace_Turbulent_APD,Dolinar,1.3041666666666667,0.55,0.01,0.02,0.03,18.0,100000000,4870456,0.04870456,0.0059629791812844
41_FreeSpace_Turbulent_APD,Opt_Kennedy,1.3041666666666667,0.55,0.01,0.02,0.03,18.0,100000000,5777263,0.05777263,0.0059629791812844
41_FreeSpace_Turbulent_APD,Dolinar,1.375,0.55,0.01,0.02,0.03,18.0,100000000,4709795,0.04709795,0.0039196929157208
41_FreeSpace_Turbulent_APD,Opt_Kennedy,1.375,0.55,0.01,0.02,0.03,18.0,100000000,5742755,0.05742755,0.0039196929157208
41_FreeSpace_Turbulent_APD,Dolinar,1.4458333333333333,0.55,0.01,0.02,0.03,18.0,100000000,4599654,0.04599654,0.0025219469164682
41_FreeSpace_Turbulent_APD,Opt_Kennedy,1.4458333333333333,0.55,0.01,0.02,0.03,18.0,100000000,5840774,0.05840774,0.0025219469164682
41_FreeSpace_Turbulent_APD,Dolinar,1.5166666666666666,0.55,0.01,0.02,0.03,18.0,100000000,4539554,0.04539554,0.0015879422745772
41_FreeSpace_Turbulent_APD,Opt_Kennedy,1.5166666666666666,0.55,0.01,0.02,0.03,18.0,100000000,6034388,0.06034388,0.0015879422745772
41_FreeSpace_Turbulent_APD,Dolinar,1.5875,0.55,0.01,0.02,0.03,18.0,100000000,4506833,0.04506833,0.0009783341319113
41_FreeSpace_Turbulent_APD,Opt_Kennedy,1.5875,0.55,0.01,0.02,0.03,18.0,100000000,6299512,0.06299512,0.0009783341319113
41_FreeSpace_Turbulent_APD,Dolinar,1.6583333333333334,0.55,0.01,0.02,0.03,18.0,100000000,4499425,0.04499425,0.0005897232247539
41_FreeSpace_Turbulent_APD,Opt_Kennedy,1.6583333333333334,0.55,0.01,0.02,0.03,18.0,100000000,6622210,0.0662221,0.0005897232247539
41_FreeSpace_Turbulent_APD,Dolinar,1.7291666666666667,0.55,0.01,0.02,0.03,18.0,100000000,4497509,0.04497509,0.0003477646046539
41_FreeSpace_Turbulent_APD,Opt_Kennedy,1.7291666666666667,0.55,0.01,0.02,0.03,18.0,100000000,6983535,0.06983535,0.0003477646046539
41_FreeSpace_Turbulent_APD,Dolinar,1.8,0.55,0.01,0.02,0.03,18.0,100000000,4509443,0.04509443,0.0002006208559213
41_FreeSpace_Turbulent_APD,Opt_Kennedy,1.8,0.55,0.01,0.02,0.03,18.0,100000000,7376756,0.07376756,0.0002006208559213
42_FiberLink_Standard_APD,Dolinar,0.1,0.68,0.002,0.015,0.03,4.0,100000000,42035484,0.42035484,0.4180954652384236
42_FiberLink_Standard_APD,Opt_Kennedy,0.1,0.68,0.002,0.015,0.03,4.0,100000000,42988893,0.42988893,0.4180954652384236
42_FiberLink_Standard_APD,Dolinar,0.1708333333333333,0.68,0.002,0.015,0.03,4.0,100000000,36555869,0.36555869,0.3618771767779645
42_FiberLink_Standard_APD,Opt_Kennedy,0.1708333333333333,0.68,0.002,0.015,0.03,4.0,100000000,38125177,0.38125177,0.3618771767779645
42_FiberLink_Standard_APD,Dolinar,0.2416666666666666,0.68,0.002,0.015,0.03,4.0,100000000,31341276,0.31341276,0.3083750919460668
42_FiberLink_Standard_APD,Opt_Kennedy,0.2416666666666666,0.68,0.002,0.015,0.03,4.0,100000000,33426967,0.33426967,0.3083750919460668
42_FiberLink_Standard_APD,Dolinar,0.3125,0.68,0.002,0.015,0.03,4.0,100000000,26447663,0.26447663,0.2585080726353467
42_FiberLink_Standard_APD,Opt_Kennedy,0.3125,0.68,0.002,0.015,0.03,4.0,100000000,28945171,0.28945171,0.2585080726353467
42_FiberLink_Standard_APD,Dolinar,0.3833333333333333,0.68,0.002,0.015,0.03,4.0,100000000,21964431,0.21964431,0.2130020132882052
42_FiberLink_Standard_APD,Opt_Kennedy,0.3833333333333333,0.68,0.002,0.015,0.03,4.0,100000000,24725473,0.24725473,0.2130020132882052
42_FiberLink_Standard_APD,Dolinar,0.4541666666666666,0.68,0.002,0.015,0.03,4.0,100000000,17953042,0.17953042,0.1723611722221726
42_FiberLink_Standard_APD,Opt_Kennedy,0.4541666666666666,0.68,0.002,0.015,0.03,4.0,100000000,20830213,0.20830213,0.1723611722221726
42_FiberLink_Standard_APD,Dolinar,0.525,0.68,0.002,0.015,0.03,4.0,100000000,14418456,0.14418456,0.1368568753113511
42_FiberLink_Standard_APD,Opt_Kennedy,0.525,0.68,0.002,0.015,0.03,4.0,100000000,17273043,0.17273043,0.1368568753113511
42_FiberLink_Standard_APD,Dolinar,0.5958333333333333,0.68,0.002,0.015,0.03,4.0,100000000,11379824,0.11379824,0.106533577901889
42_FiberLink_Standard_APD,Opt_Kennedy,0.5958333333333333,0.68,0.002,0.015,0.03,4.0,100000000,14092786,0.14092786,0.106533577901889
42_FiberLink_Standard_APD,Dolinar,0.6666666666666666,0.68,0.002,0.015,0.03,4.0,100000000,8821069,0.08821069,0.0812306105626133
42_FiberLink_Standard_APD,Opt_Kennedy,0.6666666666666666,0.68,0.002,0.015,0.03,4.0,100000000,11306023,0.11306023,0.0812306105626133
42_FiberLink_Standard_APD,Dolinar,0.7374999999999999,0.68,0.002,0.015,0.03,4.0,100000000,6719696,0.06719696,0.0606165164953291
42_FiberLink_Standard_APD,Opt_Kennedy,0.7374999999999999,0.68,0.002,0.015,0.03,4.0,100000000,8895913,0.08895913,0.0606165164953291
42_FiberLink_Standard_APD,Dolinar,0.8083333333333332,0.68,0.002,0.015,0.03,4.0,100000000,5031764,0.05031764,0.0442318574553385
42_FiberLink_Standard_APD,Opt_Kennedy,0.8083333333333332,0.68,0.002,0.015,0.03,4.0,100000000,6876856,0.06876856,0.0442318574553385
42_FiberLink_Standard_APD,Dolinar,0.8791666666666667,0.68,0.002,0.015,0.03,4.0,100000000,3716021,0.03716021,0.0315358233093608
42_FiberLink_Standard_APD,Opt_Kennedy,0.8791666666666667,0.68,0.002,0.015,0.03,4.0,100000000,5207919,0.05207919,0.0315358233093608
42_FiberLink_Standard_APD,Dolinar,0.95,0.68,0.002,0.015,0.03,4.0,100000000,2702510,0.0270251,0.0219519819614439
42_FiberLink_Standard_APD,Opt_Kennedy,0.95,0.68,0.002,0.015,0.03,4.0,100000000,3876044,0.03876044,0.0219519819614439
42_FiberLink_Standard_APD,Dolinar,1.0208333333333333,0.68,0.002,0.015,0.03,4.0,100000000,1956044,0.01956044,0.0149090488631394
42_FiberLink_Standard_APD,Opt_Kennedy,1.0208333333333333,0.68,0.002,0.015,0.03,4.0,100000000,2836209,0.02836209,0.0149090488631394
42_FiberLink_Standard_APD,Dolinar,1.0916666666666668,0.68,0.002,0.015,0.03,4.0,100000000,1414262,0.01414262,0.0098735684282725
42_FiberLink_Standard_APD,Opt_Kennedy,1.0916666666666668,0.68,0.002,0.015,0.03,4.0,100000000,2060880,0.0206088,0.0098735684282725
42_FiberLink_Standard_APD,Dolinar,1.1625,0.68,0.002,0.015,0.03,4.0,100000000,1035059,0.01035059,0.0063727369987341
42_FiberLink_Standard_APD,Opt_Kennedy,1.1625,0.68,0.002,0.015,0.03,4.0,100000000,1500202,0.01500202,0.0063727369987341
42_FiberLink_Standard_APD,Dolinar,1.2333333333333334,0.68,0.002,0.015,0.03,4.0,100000000,773717,0.00773717,0.0040070439073626
42_FiberLink_Standard_APD,Opt_Kennedy,1.2333333333333334,0.68,0.002,0.015,0.03,4.0,100000000,1109532,0.01109532,0.0040070439073626
42_FiberLink_Standard_APD,Dolinar,1.3041666666666667,0.68,0.002,0.015,0.03,4.0,100000000,599873,0.00599873,0.0024537163692053
42_FiberLink_Standard_APD,Opt_Kennedy,1.3041666666666667,0.68,0.002,0.015,0.03,4.0,100000000,854059,0.00854059,0.0024537163692053
42_FiberLink_Standard_APD,Dolinar,1.375,0.68,0.002,0.015,0.03,4.0,100000000,488262,0.00488262,0.0014629060388504
42_FiberLink_Standard_APD,Opt_Kennedy,1.375,0.68,0.002,0.015,0.03,4.0,100000000,697124,0.00697124,0.0014629060388504
42_FiberLink_Standard_APD,Dolinar,1.4458333333333333,0.68,0.002,0.015,0.03,4.0,100000000,418013,0.00418013,0.0008490219363523
42_FiberLink_Standard_APD,Opt_Kennedy,1.4458333333333333,0.68,0.002,0.015,0.03,4.0,100000000,611419,0.00611419,0.0008490219363523
42_FiberLink_Standard_APD,Dolinar,1.5166666666666666,0.68,0.002,0.015,0.03,4.0,100000000,376459,0.00376459,0.00047959421001
42_FiberLink_Standard_APD,Opt_Kennedy,1.5166666666666666,0.68,0.002,0.015,0.03,4.0,100000000,570945,0.00570945,0.00047959421001
42_FiberLink_Standard_APD,Dolinar,1.5875,0.68,0.002,0.015,0.03,4.0,100000000,354149,0.00354149,0.0002636585487738
42_FiberLink_Standard_APD,Opt_Kennedy,1.5875,0.68,0.002,0.015,0.03,4.0,100000000,564698,0.00564698,0.0002636585487738
42_FiberLink_Standard_APD,Dolinar,1.6583333333333334,0.68,0.002,0.015,0.03,4.0,100000000,340619,0.00340619,0.0001410576081692
42_FiberLink_Standard_APD,Opt_Kennedy,1.6583333333333334,0.68,0.002,0.015,0.03,4.0,100000000,577436,0.00577436,0.0001410576081692
42_FiberLink_Standard_APD,Dolinar,1.7291666666666667,0.68,0.002,0.015,0.03,4.0,100000000,335613,0.00335613,7.343806628218319e-05
42_FiberLink_Standard_APD,Opt_Kennedy,1.7291666666666667,0.68,0.002,0.015,0.03,4.0,100000000,601927,0.00601927,7.343806628218319e-05
42_FiberLink_Standard_APD,Dolinar,1.8,0.68,0.002,0.015,0.03,4.0,100000000,332398,0.00332398,3.7205381058114106e-05
42_FiberLink_Standard_APD,Opt_Kennedy,1.8,0.68,0.002,0.015,0.03,4.0,100000000,634021,0.00634021,3.7205381058114106e-05
43_NIST_JPL_Record_SNSPD,Dolinar,0.1,0.98,1e-05,0.003,0.004,1.0,100000000,40229910,0.4022991,0.4019673246288124
43_NIST_JPL_Record_SNSPD,Opt_Kennedy,0.1,0.98,1e-05,0.003,0.004,1.0,100000000,41566943,0.41566943,0.4019673246288124
43_NIST_JPL_Record_SNSPD,Dolinar,0.1708333333333333,0.98,1e-05,0.003,0.004,1.0,100000000,33616027,0.33616027,0.3356070905729769
43_NIST_JPL_Record_SNSPD,Opt_Kennedy,0.1708333333333333,0.98,1e-05,0.003,0.004,1.0,100000000,35776389,0.35776389,0.3356070905729769
43_NIST_JPL_Record_SNSPD,Dolinar,0.2416666666666666,0.98,1e-05,0.003,0.004,1.0,100000000,27448703,0.27448703,0.2738237072550536
43_NIST_JPL_Record_SNSPD,Opt_Kennedy,0.2416666666666666,0.98,1e-05,0.003,0.004,1.0,100000000,30245118,0.30245118,0.2738237072550536
43_NIST_JPL_Record_SNSPD,Dolinar,0.3125,0.98,1e-05,0.003,0.004,1.0,100000000,21873004,0.21873004,0.2180162908918088
43_NIST_JPL_Record_SNSPD,Opt_Kennedy,0.3125,0.98,1e-05,0.003,0.004,1.0,100000000,25087527,0.25087527,0.2180162908918088
43_NIST_JPL_Record_SNSPD,Dolinar,0.3833333333333333,0.98,1e-05,0.003,0.004,1.0,100000000,16994012,0.16994012,0.1691412511664851
43_NIST_JPL_Record_SNSPD,Opt_Kennedy,0.3833333333333333,0.98,1e-05,0.003,0.004,1.0,100000000,20374865,0.20374865,0.1691412511664851
43_NIST_JPL_Record_SNSPD,Dolinar,0.4541666666666666,0.98,1e-05,0.003,0.004,1.0,100000000,12849907,0.12849907,0.1276747170014276
43_NIST_JPL_Record_SNSPD,Opt_Kennedy,0.4541666666666666,0.98,1e-05,0.003,0.004,1.0,100000000,16173833,0.16173833,0.1276747170014276
43_NIST_JPL_Record_SNSPD,Dolinar,0.525,0.98,1e-05,0.003,0.004,1.0,100000000,9435861,0.09435861,0.0936266316665451
43_NIST_JPL_Record_SNSPD,Opt_Kennedy,0.525,0.98,1e-05,0.003,0.004,1.0,100000000,12513358,0.12513358,0.0936266316665451
43_NIST_JPL_Record_SNSPD,Dolinar,0.5958333333333333,0.98,1e-05,0.003,0.004,1.0,100000000,6729847,0.06729847,0.066600697828251
43_NIST_JPL_Record_SNSPD,Opt_Kennedy,0.5958333333333333,0.98,1e-05,0.003,0.004,1.0,100000000,9413842,0.09413842,0.066600697828251
43_NIST_JPL_Record_SNSPD,Dolinar,0.6666666666666666,0.98,1e-05,0.003,0.004,1.0,100000000,4648182,0.04648182,0.0458884466194322
43_NIST_JPL_Record_SNSPD,Opt_Kennedy,0.6666666666666666,0.98,1e-05,0.003,0.004,1.0,100000000,6861922,0.06861922,0.0458884466194322
43_NIST_JPL_Record_SNSPD,Dolinar,0.7374999999999999,0.98,1e-05,0.003,0.004,1.0,100000000,3105511,0.03105511,0.0305818801557402
43_NIST_JPL_Record_SNSPD,Opt_Kennedy,0.7374999999999999,0.98,1e-05,0.003,0.004,1.0,100000000,4837211,0.04837211,0.0305818801557402
43_NIST_JPL_Record_SNSPD,Dolinar,0.8083333333333332,0.98,1e-05,0.003,0.004,1.0,100000000,2009378,0.02009378,0.019687941865784
43_NIST_JPL_Record_SNSPD,Opt_Kennedy,0.8083333333333332,0.98,1e-05,0.003,0.004,1.0,100000000,3284930,0.0328493,0.019687941865784
43_NIST_JPL_Record_SNSPD,Dolinar,0.8791666666666667,0.98,1e-05,0.003,0.004,1.0,100000000,1256952,0.01256952,0.0122296654212531
43_NIST_JPL_Record_SNSPD,Opt_Kennedy,0.8791666666666667,0.98,1e-05,0.003,0.004,1.0,100000000,2142042,0.02142042,0.0122296654212531
43_NIST_JPL_Record_SNSPD,Dolinar,0.95,0.98,1e-05,0.003,0.004,1.0,100000000,760207,0.00760207,0.0073229319994553
43_NIST_JPL_Record_SNSPD,Opt_Kennedy,0.95,0.98,1e-05,0.003,0.004,1.0,100000000,1338814,0.01338814,0.0073229319994553
43_NIST_JPL_Record_SNSPD,Dolinar,1.0208333333333333,0.98,1e-05,0.003,0.004,1.0,100000000,446745,0.00446745,0.0042234765515118
43_NIST_JPL_Record_SNSPD,Opt_Kennedy,1.0208333333333333,0.98,1e-05,0.003,0.004,1.0,100000000,806624,0.00806624,0.0042234765515118
43_NIST_JPL_Record_SNSPD,Dolinar,1.0916666666666668,0.98,1e-05,0.003,0.004,1.0,100000000,254695,0.00254695,0.0023448065932334
43_NIST_JPL_Record_SNSPD,Opt_Kennedy,1.0916666666666668,0.98,1e-05,0.003,0.004,1.0,100000000,467575,0.00467575,0.0023448065932334
43_NIST_JPL_Record_SNSPD,Dolinar,1.1625,0.98,1e-05,0.003,0.004,1.0,100000000,143475,0.00143475,0.0012525754333914
43_NIST_JPL_Record_SNSPD,Opt_Kennedy,1.1625,0.98,1e-05,0.003,0.004,1.0,100000000,264321,0.00264321,0.0012525754333914
43_NIST_JPL_Record_SNSPD,Dolinar,1.2333333333333334,0.98,1e-05,0.003,0.004,1.0,100000000,81900,0.000819,0.0006436174101247
43_NIST_JPL_Record_SNSPD,Opt_Kennedy,1.2333333333333334,0.98,1e-05,0.003,0.004,1.0,100000000,149900,0.001499,0.0006436174101247
43_NIST_JPL_Record_SNSPD,Dolinar,1.3041666666666667,0.98,1e-05,0.003,0.004,1.0,100000000,48797,0.00048797,0.0003180471277711
43_NIST_JPL_Record_SNSPD,Opt_Kennedy,1.3041666666666667,0.98,1e-05,0.003,0.004,1.0,100000000,89178,0.00089178,0.0003180471277711
43_NIST_JPL_Record_SNSPD,Dolinar,1.375,0.98,1e-05,0.003,0.004,1.0,100000000,31092,0.00031092,0.0001511265151634
43_NIST_JPL_Record_SNSPD,Opt_Kennedy,1.375,0.98,1e-05,0.003,0.004,1.0,100000000,59186,0.00059186,0.0001511265151634
43_NIST_JPL_Record_SNSPD,Dolinar,1.4458333333333333,0.98,1e-05,0.003,0.004,1.0,100000000,22807,0.00022807,6.904675315455577e-05
43_NIST_JPL_Record_SNSPD,Opt_Kennedy,1.4458333333333333,0.98,1e-05,0.003,0.004,1.0,100000000,45465,0.00045465,6.904675315455577e-05
43_NIST_JPL_Record_SNSPD,Dolinar,1.5166666666666666,0.98,1e-05,0.003,0.004,1.0,100000000,18961,0.00018961,3.033061623092248e-05
43_NIST_JPL_Record_SNSPD,Opt_Kennedy,1.5166666666666666,0.98,1e-05,0.003,0.004,1.0,100000000,40989,0.00040989,3.033061623092248e-05
43_NIST_JPL_Record_SNSPD,Dolinar,1.5875,0.98,1e-05,0.003,0.004,1.0,100000000,17148,0.00017148,1.2809876907937667e-05
43_NIST_JPL_Record_SNSPD,Opt_Kennedy,1.5875,0.98,1e-05,0.003,0.004,1.0,100000000,40342,0.00040342,1.2809876907937667e-05
43_NIST_JPL_Record_SNSPD,Dolinar,1.6583333333333334,0.98,1e-05,0.003,0.004,1.0,100000000,16255,0.00016255,5.2015110824088495e-06
43_NIST_JPL_Record_SNSPD,Opt_Kennedy,1.6583333333333334,0.98,1e-05,0.003,0.004,1.0,100000000,42473,0.00042473,5.2015110824088495e-06
43_NIST_JPL_Record_SNSPD,Dolinar,1.7291666666666667,0.98,1e-05,0.003,0.004,1.0,100000000,16271,0.00016271,2.030638289463038e-06
43_NIST_JPL_Record_SNSPD,Opt_Kennedy,1.7291666666666667,0.98,1e-05,0.003,0.004,1.0,100000000,45568,0.00045568,2.030638289463038e-06
43_NIST_JPL_Record_SNSPD,Dolinar,1.8,0.98,1e-05,0.003,0.004,1.0,100000000,16162,0.00016162,7.621719893546874e-07
43_NIST_JPL_Record_SNSPD,Opt_Kennedy,1.8,0.98,1e-05,0.003,0.004,1.0,100000000,48564,0.00048564,7.621719893546874e-07
44_SingleQuantum_Commercial,Dolinar,0.1,0.92,0.0002,0.006,0.005,2.5,100000000,40575124,0.40575124,0.4049590744086145
44_SingleQuantum_Commercial,Opt_Kennedy,0.1,0.92,0.0002,0.006,0.005,2.5,100000000,41829502,0.41829502,0.4049590744086145
44_SingleQuantum_Commercial,Dolinar,0.1708333333333333,0.92,0.0002,0.006,0.005,2.5,100000000,34172418,0.34172418,0.3404450169248309
44_SingleQuantum_Commercial,Opt_Kennedy,0.1708333333333333,0.92,0.0002,0.006,0.005,2.5,100000000,36211774,0.36211774,0.3404450169248309
44_SingleQuantum_Commercial,Dolinar,0.2416666666666666,0.92,0.0002,0.006,0.005,2.5,100000000,28185552,0.28185552,0.2801160383394412
44_SingleQuantum_Commercial,Opt_Kennedy,0.2416666666666666,0.92,0.0002,0.006,0.005,2.5,100000000,30846321,0.30846321,0.2801160383394412
44_SingleQuantum_Commercial,Dolinar,0.3125,0.92,0.0002,0.006,0.005,2.5,100000000,22731309,0.22731309,0.2252785547450498
44_SingleQuantum_Commercial,Opt_Kennedy,0.3125,0.92,0.0002,0.006,0.005,2.5,100000000,25798054,0.25798054,0.2252785547450498
44_SingleQuantum_Commercial,Dolinar,0.3833333333333333,0.92,0.0002,0.006,0.005,2.5,100000000,17902943,0.17902943,0.1768545683394205
44_SingleQuantum_Commercial,Opt_Kennedy,0.3833333333333333,0.92,0.0002,0.006,0.005,2.5,100000000,21164288,0.21164288,0.1768545683394205
44_SingleQuantum_Commercial,Dolinar,0.4541666666666666,0.92,0.0002,0.006,0.005,2.5,100000000,13769317,0.13769317,0.1353441415942506
44_SingleQuantum_Commercial,Opt_Kennedy,0.4541666666666666,0.92,0.0002,0.006,0.005,2.5,100000000,17007788,0.17007788,0.1353441415942506
44_SingleQuantum_Commercial,Dolinar,0.525,0.92,0.0002,0.006,0.005,2.5,100000000,10314952,0.10314952,0.1008309256538932
44_SingleQuantum_Commercial,Opt_Kennedy,0.525,0.92,0.0002,0.006,0.005,2.5,100000000,13353851,0.13353851,0.1008309256538932
44_SingleQuantum_Commercial,Dolinar,0.5958333333333333,0.92,0.0002,0.006,0.005,2.5,100000000,7529344,0.07529344,0.0730268916548259
44_SingleQuantum_Commercial,Opt_Kennedy,0.5958333333333333,0.92,0.0002,0.006,0.005,2.5,100000000,10221873,0.10221873,0.0730268916548259
44_SingleQuantum_Commercial,Dolinar,0.6666666666666666,0.92,0.0002,0.006,0.005,2.5,100000000,5340246,0.05340246,0.0513475996124367
44_SingleQuantum_Commercial,Opt_Kennedy,0.6666666666666666,0.92,0.0002,0.006,0.005,2.5,100000000,7610015,0.07610015,0.0513475996124367
44_SingleQuantum_Commercial,Dolinar,0.7374999999999999,0.92,0.0002,0.006,0.005,2.5,100000000,3691325,0.03691325,0.0350059941073078
44_SingleQuantum_Commercial,Opt_Kennedy,0.7374999999999999,0.92,0.0002,0.006,0.005,2.5,100000000,5499740,0.0549974,0.0350059941073078
44_SingleQuantum_Commercial,Dolinar,0.8083333333333332,0.92,0.0002,0.006,0.005,2.5,100000000,2485498,0.02485498,0.0231112899118528
44_SingleQuantum_Commercial,Opt_Kennedy,0.8083333333333332,0.92,0.0002,0.006,0.005,2.5,100000000,3853816,0.03853816,0.0231112899118528
44_SingleQuantum_Commercial,Dolinar,0.8791666666666667,0.92,0.0002,0.006,0.005,2.5,100000000,1632977,0.01632977,0.0147601931383165
44_SingleQuantum_Commercial,Opt_Kennedy,0.8791666666666667,0.92,0.0002,0.006,0.005,2.5,100000000,2612755,0.02612755,0.0147601931383165
44_SingleQuantum_Commercial,Dolinar,0.95,0.92,0.0002,0.006,0.005,2.5,100000000,1054641,0.01054641,0.0091103673878342
44_SingleQuantum_Commercial,Opt_Kennedy,0.95,0.92,0.0002,0.006,0.005,2.5,100000000,1722218,0.01722218,0.0091103673878342
44_SingleQuantum_Commercial,Dolinar,1.0208333333333333,0.92,0.0002,0.006,0.005,2.5,100000000,673621,0.00673621,0.0054301966898941
44_SingleQuantum_Commercial,Opt_Kennedy,1.0208333333333333,0.92,0.0002,0.006,0.005,2.5,100000000,1107869,0.01107869,0.0054301966898941
44_SingleQuantum_Commercial,Dolinar,1.0916666666666668,0.92,0.0002,0.006,0.005,2.5,100000000,434152,0.00434152,0.0031236449172102
44_SingleQuantum_Commercial,Opt_Kennedy,1.0916666666666668,0.92,0.0002,0.006,0.005,2.5,100000000,708983,0.00708983,0.0031236449172102
44_SingleQuantum_Commercial,Dolinar,1.1625,0.92,0.0002,0.006,0.005,2.5,100000000,286831,0.00286831,0.001733288915054
44_SingleQuantum_Commercial,Opt_Kennedy,1.1625,0.92,0.0002,0.006,0.005,2.5,100000000,464766,0.00464766,0.001733288915054
44_SingleQuantum_Commercial,Dolinar,1.2333333333333334,0.92,0.0002,0.006,0.005,2.5,100000000,202463,0.00202463,0.0009274651349757
44_SingleQuantum_Commercial,Opt_Kennedy,1.2333333333333334,0.92,0.0002,0.006,0.005,2.5,100000000,325911,0.00325911,0.0009274651349757
44_SingleQuantum_Commercial,Dolinar,1.3041666666666667,0.92,0.0002,0.006,0.005,2.5,100000000,154169,0.00154169,0.0004784559804426
44_SingleQuantum_Commercial,Opt_Kennedy,1.3041666666666667,0.92,0.0002,0.006,0.005,2.5,100000000,253899,0.00253899,0.0004784559804426
44_SingleQuantum_Commercial,Dolinar,1.375,0.92,0.0002,0.006,0.005,2.5,100000000,128837,0.00128837,0.0002379246792472
44_SingleQuantum_Commercial,Opt_Kennedy,1.375,0.92,0.0002,0.006,0.005,2.5,100000000,223035,0.00223035,0.0002379246792472
44_SingleQuantum_Commercial,Dolinar,1.4458333333333333,0.92,0.0002,0.006,0.005,2.5,100000000,114817,0.00114817,0.0001140381474612
44_SingleQuantum_Commercial,Opt_Kennedy,1.4458333333333333,0.92,0.0002,0.006,0.005,2.5,100000000,214896,0.00214896,0.0001140381474612
44_SingleQuantum_Commercial,Dolinar,1.5166666666666666,0.92,0.0002,0.006,0.005,2.5,100000000,108113,0.00108113,5.268056787782749e-05
44_SingleQuantum_Commercial,Opt_Kennedy,1.5166666666666666,0.92,0.0002,0.006,0.005,2.5,100000000,221072,0.00221072,5.268056787782749e-05
44_SingleQuantum_Commercial,Dolinar,1.5875,0.92,0.0002,0.006,0.005,2.5,100000000,105044,0.00105044,2.3454553418511548e-05
44_SingleQuantum_Commercial,Opt_Kennedy,1.5875,0.92,0.0002,0.006,0.005,2.5,100000000,233426,0.00233426,2.3454553418511548e-05
44_SingleQuantum_Commercial,Dolinar,1.6583333333333334,0.92,0.0002,0.006,0.005,2.5,100000000,104519,0.00104519,1.0064060438907951e-05
44_SingleQuantum_Commercial,Opt_Kennedy,1.6583333333333334,0.92,0.0002,0.006,0.005,2.5,100000000,251074,0.00251074,1.0064060438907951e-05
44_SingleQuantum_Commercial,Dolinar,1.7291666666666667,0.92,0.0002,0.006,0.005,2.5,100000000,103547,0.00103547,4.161836610672154e-06
44_SingleQuantum_Commercial,Opt_Kennedy,1.7291666666666667,0.92,0.0002,0.006,0.005,2.5,100000000,270139,0.00270139,4.161836610672154e-06
44_SingleQuantum_Commercial,Dolinar,1.8,0.92,0.0002,0.006,0.005,2.5,100000000,104082,0.00104082,1.6586729509326936e-06
44_SingleQuantum_Commercial,Opt_Kennedy,1.8,0.92,0.0002,0.006,0.005,2.5,100000000,291943,0.00291943,1.6586729509326936e-06
45_SIMIT_CAS_HighEff_SNSPD,Dolinar,0.1,0.95,0.0001,0.005,0.005,2.0,100000000,40384415,0.40384415,0.4034507132227269
45_SIMIT_CAS_HighEff_SNSPD,Opt_Kennedy,0.1,0.95,0.0001,0.005,0.005,2.0,100000000,41697235,0.41697235,0.4034507132227269
45_SIMIT_CAS_HighEff_SNSPD,Dolinar,0.1708333333333333,0.95,0.0001,0.005,0.005,2.0,100000000,33870603,0.33870603,0.3380037568540373
45_SIMIT_CAS_HighEff_SNSPD,Opt_Kennedy,0.1708333333333333,0.95,0.0001,0.005,0.005,2.0,100000000,35983700,0.359837,0.3380037568540373
45_SIMIT_CAS_HighEff_SNSPD,Dolinar,0.2416666666666666,0.95,0.0001,0.005,0.005,2.0,100000000,27786556,0.27786556,0.2769366599979093
45_SIMIT_CAS_HighEff_SNSPD,Opt_Kennedy,0.2416666666666666,0.95,0.0001,0.005,0.005,2.0,100000000,30533068,0.30533068,0.2769366599979093
45_SIMIT_CAS_HighEff_SNSPD,Dolinar,0.3125,0.95,0.0001,0.005,0.005,2.0,100000000,22272606,0.22272606,0.2216024663236008
45_SIMIT_CAS_HighEff_SNSPD,Opt_Kennedy,0.3125,0.95,0.0001,0.005,0.005,2.0,100000000,25445926,0.25445926,0.2216024663236008
45_SIMIT_CAS_HighEff_SNSPD,Dolinar,0.3833333333333333,0.95,0.0001,0.005,0.005,2.0,100000000,17407543,0.17407543,0.1729411699916682
45_SIMIT_CAS_HighEff_SNSPD,Opt_Kennedy,0.3833333333333333,0.95,0.0001,0.005,0.005,2.0,100000000,20767185,0.20767185,0.1729411699916682
45_SIMIT_CAS_HighEff_SNSPD,Dolinar,0.4541666666666666,0.95,0.0001,0.005,0.005,2.0,100000000,13262433,0.13262433,0.1314420262804103
45_SIMIT_CAS_HighEff_SNSPD,Opt_Kennedy,0.4541666666666666,0.95,0.0001,0.005,0.005,2.0,100000000,16586570,0.1658657,0.1314420262804103
45_SIMIT_CAS_HighEff_SNSPD,Dolinar,0.525,0.95,0.0001,0.005,0.005,2.0,100000000,9839652,0.09839652,0.0971531129582559
45_SIMIT_CAS_HighEff_SNSPD,Opt_Kennedy,0.525,0.95,0.0001,0.005,0.005,2.0,100000000,12928103,0.12928103,0.0971531129582559
45_SIMIT_CAS_HighEff_SNSPD,Dolinar,0.5958333333333333,0.95,0.0001,0.005,0.005,2.0,100000000,7091295,0.07091295,0.0697333708522391
45_SIMIT_CAS_HighEff_SNSPD,Opt_Kennedy,0.5958333333333333,0.95,0.0001,0.005,0.005,2.0,100000000,9815327,0.09815327,0.0697333708522391
45_SIMIT_CAS_HighEff_SNSPD,Dolinar,0.6666666666666666,0.95,0.0001,0.005,0.005,2.0,100000000,4963357,0.04963357,0.0485370058436275
45_SIMIT_CAS_HighEff_SNSPD,Opt_Kennedy,0.6666666666666666,0.95,0.0001,0.005,0.005,2.0,100000000,7233115,0.07233115,0.0485370058436275
45_SIMIT_CAS_HighEff_SNSPD,Dolinar,0.7374999999999999,0.95,0.0001,0.005,0.005,2.0,100000000,3374496,0.03374496,0.0327165434038686
45_SIMIT_CAS_HighEff_SNSPD,Opt_Kennedy,0.7374999999999999,0.95,0.0001,0.005,0.005,2.0,100000000,5164988,0.05164988,0.0327165434038686
45_SIMIT_CAS_HighEff_SNSPD,Dolinar,0.8083333333333332,0.95,0.0001,0.005,0.005,2.0,100000000,2224402,0.02224402,0.0213294898017308
45_SIMIT_CAS_HighEff_SNSPD,Opt_Kennedy,0.8083333333333332,0.95,0.0001,0.005,0.005,2.0,100000000,3563055,0.03563055,0.0213294898017308
45_SIMIT_CAS_HighEff_SNSPD,Dolinar,0.8791666666666667,0.95,0.0001,0.005,0.005,2.0,100000000,1427991,0.01427991,0.0134346518162772
45_SIMIT_CAS_HighEff_SNSPD,Opt_Kennedy,0.8791666666666667,0.95,0.0001,0.005,0.005,2.0,100000000,2372909,0.02372909,0.0134346518162772
45_SIMIT_CAS_HighEff_SNSPD,Dolinar,0.95,0.95,0.0001,0.005,0.005,2.0,100000000,895375,0.00895375,0.0081674925069348
45_SIMIT_CAS_HighEff_SNSPD,Opt_Kennedy,0.95,0.95,0.0001,0.005,0.005,2.0,100000000,1528686,0.01528686,0.0081674925069348
45_SIMIT_CAS_HighEff_SNSPD,Dolinar,1.0208333333333333,0.95,0.0001,0.005,0.005,2.0,100000000,551686,0.00551686,0.0047887938594608
45_SIMIT_CAS_HighEff_SNSPD,Opt_Kennedy,1.0208333333333333,0.95,0.0001,0.005,0.005,2.0,100000000,957155,0.00957155,0.0047887938594608
45_SIMIT_CAS_HighEff_SNSPD,Dolinar,1.0916666666666668,0.95,0.0001,0.005,0.005,2.0,100000000,340259,0.00340259,0.0027062763259418
45_SIMIT_CAS_HighEff_SNSPD,Opt_Kennedy,1.0916666666666668,0.95,0.0001,0.005,0.005,2.0,100000000,590669,0.00590669,0.0027062763259418
45_SIMIT_CAS_HighEff_SNSPD,Dolinar,1.1625,0.95,0.0001,0.005,0.005,2.0,100000000,214625,0.00214625,0.001473428034933
45_SIMIT_CAS_HighEff_SNSPD,Opt_Kennedy,1.1625,0.95,0.0001,0.005,0.005,2.0,100000000,369423,0.00369423,0.001473428034933
45_SIMIT_CAS_HighEff_SNSPD,Dolinar,1.2333333333333334,0.95,0.0001,0.005,0.005,2.0,100000000,142813,0.00142813,0.0007726041930626
45_SIMIT_CAS_HighEff_SNSPD,Opt_Kennedy,1.2333333333333334,0.95,0.0001,0.005,0.005,2.0,100000000,245241,0.00245241,0.0007726041930626
45_SIMIT_CAS_HighEff_SNSPD,Dolinar,1.3041666666666667,0.95,0.0001,0.005,0.005,2.0,100000000,104183,0.00104183,0.0003900885336006
45_SIMIT_CAS_HighEff_SNSPD,Opt_Kennedy,1.3041666666666667,0.95,0.0001,0.005,0.005,2.0,100000000,180688,0.00180688,0.0003900885336006
45_SIMIT_CAS_HighEff_SNSPD,Dolinar,1.375,0.95,0.0001,0.005,0.005,2.0,100000000,83422,0.00083422,0.0001896216624053
45_SIMIT_CAS_HighEff_SNSPD,Opt_Kennedy,1.375,0.95,0.0001,0.005,0.005,2.0,100000000,151681,0.00151681,0.0001896216624053
45_SIMIT_CAS_HighEff_SNSPD,Dolinar,1.4458333333333333,0.95,0.0001,0.005,0.005,2.0,100000000,73319,0.00073319,8.873510917506433e-05
45_SIMIT_CAS_HighEff_SNSPD,Opt_Kennedy,1.4458333333333333,0.95,0.0001,0.005,0.005,2.0,100000000,143248,0.00143248,8.873510917506433e-05
45_SIMIT_CAS_HighEff_SNSPD,Dolinar,1.5166666666666666,0.95,0.0001,0.005,0.005,2.0,100000000,68295,0.00068295,3.997285564755204e-05
45_SIMIT_CAS_HighEff_SNSPD,Opt_Kennedy,1.5166666666666666,0.95,0.0001,0.005,0.005,2.0,100000000,145767,0.00145767,3.997285564755204e-05
45_SIMIT_CAS_HighEff_SNSPD,Dolinar,1.5875,0.95,0.0001,0.005,0.005,2.0,100000000,66037,0.00066037,1.7333478076975162e-05
45_SIMIT_CAS_HighEff_SNSPD,Opt_Kennedy,1.5875,0.95,0.0001,0.005,0.005,2.0,100000000,153487,0.00153487,1.7333478076975162e-05
45_SIMIT_CAS_HighEff_SNSPD,Dolinar,1.6583333333333334,0.95,0.0001,0.005,0.005,2.0,100000000,65290,0.0006529,7.235211142875286e-06
45_SIMIT_CAS_HighEff_SNSPD,Opt_Kennedy,1.6583333333333334,0.95,0.0001,0.005,0.005,2.0,100000000,165136,0.00165136,7.235211142875286e-06
45_SIMIT_CAS_HighEff_SNSPD,Dolinar,1.7291666666666667,0.95,0.0001,0.005,0.005,2.0,100000000,65408,0.00065408,2.9070916013895776e-06
45_SIMIT_CAS_HighEff_SNSPD,Opt_Kennedy,1.7291666666666667,0.95,0.0001,0.005,0.005,2.0,100000000,177615,0.00177615,2.9070916013895776e-06
45_SIMIT_CAS_HighEff_SNSPD,Dolinar,1.8,0.95,0.0001,0.005,0.005,2.0,100000000,64861,0.00064861,1.1243637512148297e-06
45_SIMIT_CAS_HighEff_SNSPD,Opt_Kennedy,1.8,0.95,0.0001,0.005,0.005,2.0,100000000,191522,0.00191522,1.1243637512148297e-06
46_Becerra_NIST_2013_Benchmark,Dolinar,0.1,0.55,0.0016,0.014,0.02,4.0,100000000,42766740,0.4276674,0.4262440427002842
46_Becerra_NIST_2013_Benchmark,Opt_Kennedy,0.1,0.55,0.0016,0.014,0.02,4.0,100000000,43693667,0.43693667,0.4262440427002842
46_Becerra_NIST_2013_Benchmark,Dolinar,0.1708333333333333,0.55,0.0016,0.014,0.02,4.0,100000000,37778016,0.37778016,0.3753132509707686
46_Becerra_NIST_2013_Benchmark,Opt_Kennedy,0.1708333333333333,0.55,0.0016,0.014,0.02,4.0,100000000,39288360,0.3928836,0.3753132509707686
46_Becerra_NIST_2013_Benchmark,Dolinar,0.2416666666666666,0.55,0.0016,0.014,0.02,4.0,100000000,32962770,0.3296277,0.3263810037614634
46_Becerra_NIST_2013_Benchmark,Opt_Kennedy,0.2416666666666666,0.55,0.0016,0.014,0.02,4.0,100000000,35015561,0.35015561,0.3263810037614634
46_Becerra_NIST_2013_Benchmark,Dolinar,0.3125,0.55,0.0016,0.014,0.02,4.0,100000000,28417730,0.2841773,0.2801520253239434
46_Becerra_NIST_2013_Benchmark,Opt_Kennedy,0.3125,0.55,0.0016,0.014,0.02,4.0,100000000,30897873,0.30897873,0.2801520253239434
46_Becerra_NIST_2013_Benchmark,Dolinar,0.3833333333333333,0.55,0.0016,0.014,0.02,4.0,100000000,24180030,0.2418003,0.2372133843058135
46_Becerra_NIST_2013_Benchmark,Opt_Kennedy,0.3833333333333333,0.55,0.0016,0.014,0.02,4.0,100000000,26973815,0.26973815,0.2372133843058135
46_Becerra_NIST_2013_Benchmark,Dolinar,0.4541666666666666,0.55,0.0016,0.014,0.02,4.0,100000000,20305943,0.20305943,0.198013767508966
46_Becerra_NIST_2013_Benchmark,Opt_Kennedy,0.4541666666666666,0.55,0.0016,0.014,0.02,4.0,100000000,23286616,0.23286616,0.198013767508966
46_Becerra_NIST_2013_Benchmark,Dolinar,0.525,0.55,0.0016,0.014,0.02,4.0,100000000,16807592,0.16807592,0.1628516981644227
46_Becerra_NIST_2013_Benchmark,Opt_Kennedy,0.525,0.55,0.0016,0.014,0.02,4.0,100000000,19887454,0.19887454,0.1628516981644227
46_Becerra_NIST_2013_Benchmark,Dolinar,0.5958333333333333,0.55,0.0016,0.014,0.02,4.0,100000000,13728573,0.13728573,0.131873100579246
46_Becerra_NIST_2013_Benchmark,Opt_Kennedy,0.5958333333333333,0.55,0.0016,0.014,0.02,4.0,100000000,16750517,0.16750517,0.131873100579246
46_Becerra_NIST_2013_Benchmark,Dolinar,0.6666666666666666,0.55,0.0016,0.014,0.02,4.0,100000000,11050204,0.11050204,0.1050778718837112
46_Becerra_NIST_2013_Benchmark,Opt_Kennedy,0.6666666666666666,0.55,0.0016,0.014,0.02,4.0,100000000,13926687,0.13926687,0.1050778718837112
46_Becerra_NIST_2013_Benchmark,Dolinar,0.7374999999999999,0.55,0.0016,0.014,0.02,4.0,100000000,8755593,0.08755593,0.0823344352208775
46_Becerra_NIST_2013_Benchmark,Opt_Kennedy,0.7374999999999999,0.55,0.0016,0.014,0.02,4.0,100000000,11410769,0.11410769,0.0823344352208775
46_Becerra_NIST_2013_Benchmark,Dolinar,0.8083333333333332,0.55,0.0016,0.014,0.02,4.0,100000000,6847518,0.06847518,0.0634006751089256
46_Becerra_NIST_2013_Benchmark,Opt_Kennedy,0.8083333333333332,0.55,0.0016,0.014,0.02,4.0,100000000,9215365,0.09215365,0.0634006751089256
46_Becerra_NIST_2013_Benchmark,Dolinar,0.8791666666666667,0.55,0.0016,0.014,0.02,4.0,100000000,5277831,0.05277831,0.0479492415993594
46_Becerra_NIST_2013_Benchmark,Opt_Kennedy,0.8791666666666667,0.55,0.0016,0.014,0.02,4.0,100000000,7325106,0.07325106,0.0479492415993594
46_Becerra_NIST_2013_Benchmark,Dolinar,0.95,0.55,0.0016,0.014,0.02,4.0,100000000,4015891,0.04015891,0.0355949884474788
46_Becerra_NIST_2013_Benchmark,Opt_Kennedy,0.95,0.55,0.0016,0.014,0.02,4.0,100000000,5732235,0.05732235,0.0355949884474788
46_Becerra_NIST_2013_Benchmark,Dolinar,1.0208333333333333,0.55,0.0016,0.014,0.02,4.0,100000000,3018853,0.03018853,0.0259222997966256
46_Becerra_NIST_2013_Benchmark,Opt_Kennedy,1.0208333333333333,0.55,0.0016,0.014,0.02,4.0,100000000,4418836,0.04418836,0.0259222997966256
46_Becerra_NIST_2013_Benchmark,Dolinar,1.0916666666666668,0.55,0.0016,0.014,0.02,4.0,100000000,2251460,0.0225146,0.0185102603618058
46_Becerra_NIST_2013_Benchmark,Opt_Kennedy,1.0916666666666668,0.55,0.0016,0.014,0.02,4.0,100000000,3358963,0.03358963,0.0185102603618058
46_Becerra_NIST_2013_Benchmark,Dolinar,1.1625,0.55,0.0016,0.014,0.02,4.0,100000000,1673636,0.01673636,0.0129540155134194
46_Becerra_NIST_2013_Benchmark,Opt_Kennedy,1.1625,0.55,0.0016,0.014,0.02,4.0,100000000,2520920,0.0252092,0.0129540155134194
46_Becerra_NIST_2013_Benchmark,Dolinar,1.2333333333333334,0.55,0.0016,0.014,0.02,4.0,100000000,1246446,0.01246446,0.0088812059444833
46_Becerra_NIST_2013_Benchmark,Opt_Kennedy,1.2333333333333334,0.55,0.0016,0.014,0.02,4.0,100000000,1884190,0.0188419,0.0088812059444833
46_Becerra_NIST_2013_Benchmark,Dolinar,1.3041666666666667,0.55,0.0016,0.014,0.02,4.0,100000000,938505,0.00938505,0.0059629791812844
46_Becerra_NIST_2013_Benchmark,Opt_Kennedy,1.3041666666666667,0.55,0.0016,0.014,0.02,4.0,100000000,1410856,0.01410856,0.0059629791812844
46_Becerra_NIST_2013_Benchmark,Dolinar,1.375,0.55,0.0016,0.014,0.02,4.0,100000000,721182,0.00721182,0.0039196929157208
46_Becerra_NIST_2013_Benchmark,Opt_Kennedy,1.375,0.55,0.0016,0.014,0.02,4.0,100000000,1075731,0.01075731,0.0039196929157208
46_Becerra_NIST_2013_Benchmark,Dolinar,1.4458333333333333,0.55,0.0016,0.014,0.02,4.0,100000000,569616,0.00569616,0.0025219469164682
46_Becerra_NIST_2013_Benchmark,Opt_Kennedy,1.4458333333333333,0.55,0.0016,0.014,0.02,4.0,100000000,845095,0.00845095,0.0025219469164682
46_Becerra_NIST_2013_Benchmark,Dolinar,1.5166666666666666,0.55,0.0016,0.014,0.02,4.0,100000000,469287,0.00469287,0.0015879422745772
46_Becerra_NIST_2013_Benchmark,Opt_Kennedy,1.5166666666666666,0.55,0.0016,0.014,0.02,4.0,100000000,697371,0.00697371,0.0015879422745772
46_Becerra_NIST_2013_Benchmark,Dolinar,1.5875,0.55,0.0016,0.014,0.02,4.0,100000000,402799,0.00402799,0.0009783341319113
46_Becerra_NIST_2013_Benchmark,Opt_Kennedy,1.5875,0.55,0.0016,0.014,0.02,4.0,100000000,607698,0.00607698,0.0009783341319113
46_Becerra_NIST_2013_Benchmark,Dolinar,1.6583333333333334,0.55,0.0016,0.014,0.02,4.0,100000000,362319,0.00362319,0.0005897232247539
46_Becerra_NIST_2013_Benchmark,Opt_Kennedy,1.6583333333333334,0.55,0.0016,0.014,0.02,4.0,100000000,562444,0.00562444,0.0005897232247539
46_Becerra_NIST_2013_Benchmark,Dolinar,1.7291666666666667,0.55,0.0016,0.014,0.02,4.0,100000000,335648,0.00335648,0.0003477646046539
46_Becerra_NIST_2013_Benchmark,Opt_Kennedy,1.7291666666666667,0.55,0.0016,0.014,0.02,4.0,100000000,546105,0.00546105,0.0003477646046539
46_Becerra_NIST_2013_Benchmark,Dolinar,1.8,0.55,0.0016,0.014,0.02,4.0,100000000,321393,0.00321393,0.0002006208559213
46_Becerra_NIST_2013_Benchmark,Opt_Kennedy,1.8,0.55,0.0016,0.014,0.02,4.0,100000000,547646,0.00547646,0.0002006208559213
47_IDQuantique_ID230_InGaAs,Dolinar,0.1,0.25,0.01,0.02,0.08,8.0,100000000,45405571,0.45405571,0.45012473997353
47_IDQuantique_ID230_InGaAs,Opt_Kennedy,0.1,0.25,0.01,0.02,0.08,8.0,100000000,45806429,0.45806429,0.45012473997353
47_IDQuantique_ID230_InGaAs,Dolinar,0.1708333333333333,0.25,0.01,0.02,0.08,8.0,100000000,42190995,0.42190995,0.4152027613973288
47_IDQuantique_ID230_InGaAs,Opt_Kennedy,0.1708333333333333,0.25,0.01,0.02,0.08,8.0,100000000,42847382,0.42847382,0.4152027613973288
47_IDQuantique_ID230_InGaAs,Dolinar,0.2416666666666666,0.25,0.01,0.02,0.08,8.0,100000000,39016257,0.39016257,0.3809096380283341
47_IDQuantique_ID230_InGaAs,Opt_Kennedy,0.2416666666666666,0.25,0.01,0.02,0.08,8.0,100000000,39944877,0.39944877,0.3809096380283341
47_IDQuantique_ID230_InGaAs,Dolinar,0.3125,0.25,0.01,0.02,0.08,8.0,100000000,35907729,0.35907729,0.3474882118387102
47_IDQuantique_ID230_InGaAs,Opt_Kennedy,0.3125,0.25,0.01,0.02,0.08,8.0,100000000,37076461,0.37076461,0.3474882118387102
47_IDQuantique_ID230_InGaAs,Dolinar,0.3833333333333333,0.25,0.01,0.02,0.08,8.0,100000000,32910462,0.32910462,0.3151635449411501
47_IDQuantique_ID230_InGaAs,Opt_Kennedy,0.3833333333333333,0.25,0.01,0.02,0.08,8.0,100000000,34277697,0.34277697,0.3151635449411501
47_IDQuantique_ID230_InGaAs,Dolinar,0.4541666666666666,0.25,0.01,0.02,0.08,8.0,100000000,30008671,0.30008671,0.2841386544862582
47_IDQuantique_ID230_InGaAs,Opt_Kennedy,0.4541666666666666,0.25,0.01,0.02,0.08,8.0,100000000,31551538,0.31551538,0.2841386544862582
47_IDQuantique_ID230_InGaAs,Dolinar,0.525,0.25,0.01,0.02,0.08,8.0,100000000,27227349,0.27227349,0.2545909226266176
47_IDQuantique_ID230_InGaAs,Opt_Kennedy,0.525,0.25,0.01,0.02,0.08,8.0,100000000,28915615,0.28915615,0.2545909226266176
47_IDQuantique_ID230_InGaAs,Dolinar,0.5958333333333333,0.25,0.01,0.02,0.08,8.0,100000000,24577450,0.2457745,0.2266692800672534
47_IDQuantique_ID230_InGaAs,Opt_Kennedy,0.5958333333333333,0.25,0.01,0.02,0.08,8.0,100000000,26385441,0.26385441,0.2266692800672534
47_IDQuantique_ID230_InGaAs,Dolinar,0.6666666666666666,0.25,0.01,0.02,0.08,8.0,100000000,22082235,0.22082235,0.2004922323335981
47_IDQuantique_ID230_InGaAs,Opt_Kennedy,0.6666666666666666,0.25,0.01,0.02,0.08,8.0,100000000,23960640,0.2396064,0.2004922323335981
47_IDQuantique_ID230_InGaAs,Dolinar,0.7374999999999999,0.25,0.01,0.02,0.08,8.0,100000000,19739013,0.19739013,0.1761467663609211
47_IDQuantique_ID230_InGaAs,Opt_Kennedy,0.7374999999999999,0.25,0.01,0.02,0.08,8.0,100000000,21655092,0.21655092,0.1761467663609211
47_IDQuantique_ID230_InGaAs,Dolinar,0.8083333333333332,0.25,0.01,0.02,0.08,8.0,100000000,17554975,0.17554975,0.153688142682309
47_IDQuantique_ID230_InGaAs,Opt_Kennedy,0.8083333333333332,0.25,0.01,0.02,0.08,8.0,100000000,19479174,0.19479174,0.153688142682309
47_IDQuantique_ID230_InGaAs,Dolinar,0.8791666666666667,0.25,0.01,0.02,0.08,8.0,100000000,15534690,0.1553469,0.1331405466967129
47_IDQuantique_ID230_InGaAs,Opt_Kennedy,0.8791666666666667,0.25,0.01,0.02,0.08,8.0,100000000,17428715,0.17428715,0.1331405466967129
47_IDQuantique_ID230_InGaAs,Dolinar,0.95,0.25,0.01,0.02,0.08,8.0,100000000,13698372,0.13698372,0.1144985425005894
47_IDQuantique_ID230_InGaAs,Opt_Kennedy,0.95,0.25,0.01,0.02,0.08,8.0,100000000,15519635,0.15519635,0.1144985425005894
47_IDQuantique_ID230_InGaAs,Dolinar,1.0208333333333333,0.25,0.01,0.02,0.08,8.0,100000000,12015309,0.12015309,0.0977292457216558
47_IDQuantique_ID230_InGaAs,Opt_Kennedy,1.0208333333333333,0.25,0.01,0.02,0.08,8.0,100000000,13757528,0.13757528,0.0977292457216558
47_IDQuantique_ID230_InGaAs,Dolinar,1.0916666666666668,0.25,0.01,0.02,0.08,8.0,100000000,10499986,0.10499986,0.0827751087119208
47_IDQuantique_ID230_InGaAs,Opt_Kennedy,1.0916666666666668,0.25,0.01,0.02,0.08,8.0,100000000,12126900,0.121269,0.0827751087119208
47_IDQuantique_ID230_InGaAs,Dolinar,1.1625,0.25,0.01,0.02,0.08,8.0,100000000,9147170,0.0914717,0.0695571931830307
47_IDQuantique_ID230_InGaAs,Opt_Kennedy,1.1625,0.25,0.01,0.02,0.08,8.0,100000000,10639725,0.10639725,0.0695571931830307
47_IDQuantique_ID230_InGaAs,Dolinar,1.2333333333333334,0.25,0.01,0.02,0.08,8.0,100000000,7939616,0.07939616,0.0579787925624605
47_IDQuantique_ID230_InGaAs,Opt_Kennedy,1.2333333333333334,0.25,0.01,0.02,0.08,8.0,100000000,9299616,0.09299616,0.0579787925624605
47_IDQuantique_ID230_InGaAs,Dolinar,1.3041666666666667,0.25,0.01,0.02,0.08,8.0,100000000,6887393,0.06887393,0.0479292594840085
47_IDQuantique_ID230_InGaAs,Opt_Kennedy,1.3041666666666667,0.25,0.01,0.02,0.08,8.0,100000000,8092571,0.08092571,0.0479292594840085
47_IDQuantique_ID230_InGaAs,Dolinar,1.375,0.25,0.01,0.02,0.08,8.0,100000000,5956010,0.0595601,0.0392878931631801
47_IDQuantique_ID230_InGaAs,Opt_Kennedy,1.375,0.25,0.01,0.02,0.08,8.0,100000000,7022768,0.07022768,0.0392878931631801
47_IDQuantique_ID230_InGaAs,Dolinar,1.4458333333333333,0.25,0.01,0.02,0.08,8.0,100000000,5160867,0.05160867,0.031927746980546
47_IDQuantique_ID230_InGaAs,Opt_Kennedy,1.4458333333333333,0.25,0.01,0.02,0.08,8.0,100000000,6081558,0.06081558,0.031927746980546
47_IDQuantique_ID230_InGaAs,Dolinar,1.5166666666666666,0.25,0.01,0.02,0.08,8.0,100000000,4479103,0.04479103,0.0257192281758738
47_IDQuantique_ID230_InGaAs,Opt_Kennedy,1.5166666666666666,0.25,0.01,0.02,0.08,8.0,100000000,5261598,0.05261598,0.0257192281758738
47_IDQuantique_ID230_InGaAs,Dolinar,1.5875,0.25,0.01,0.02,0.08,8.0,100000000,3901717,0.03901717,0.0205333786169519
47_IDQuantique_ID230_InGaAs,Opt_Kennedy,1.5875,0.25,0.01,0.02,0.08,8.0,100000000,4562723,0.04562723,0.0205333786169519
47_IDQuantique_ID230_InGaAs,Dolinar,1.6583333333333334,0.25,0.01,0.02,0.08,8.0,100000000,3418549,0.03418549,0.0162447472962296
47_IDQuantique_ID230_InGaAs,Opt_Kennedy,1.6583333333333334,0.25,0.01,0.02,0.08,8.0,100000000,3967097,0.03967097,0.0162447472962296
47_IDQuantique_ID230_InGaAs,Dolinar,1.7291666666666667,0.25,0.01,0.02,0.08,8.0,100000000,3015766,0.03015766,0.0127337903377133
47_IDQuantique_ID230_InGaAs,Opt_Kennedy,1.7291666666666667,0.25,0.01,0.02,0.08,8.0,100000000,3469551,0.03469551,0.0127337903377133
47_IDQuantique_ID230_InGaAs,Dolinar,1.8,0.25,0.01,0.02,0.08,8.0,100000000,2685493,0.02685493,0.0098887613763042
47_IDQuantique_ID230_InGaAs,Opt_Kennedy,1.8,0.25,0.01,0.02,0.08,8.0,100000000,3065658,0.03065658,0.0098887613763042
48_Excelitas_Silicon_APD,Dolinar,0.1,0.68,0.002,0.01,0.008,3.0,100000000,41935216,0.41935216,0.4180954652384236
48_Excelitas_Silicon_APD,Opt_Kennedy,0.1,0.68,0.002,0.01,0.008,3.0,100000000,42988880,0.4298888,0.4180954652384236
48_Excelitas_Silicon_APD,Dolinar,0.1708333333333333,0.68,0.002,0.01,0.008,3.0,100000000,36404528,0.36404528,0.3618771767779645
48_Excelitas_Silicon_APD,Opt_Kennedy,0.1708333333333333,0.68,0.002,0.01,0.008,3.0,100000000,38109548,0.38109548,0.3618771767779645
48_Excelitas_Silicon_APD,Dolinar,0.2416666666666666,0.68,0.002,0.01,0.008,3.0,100000000,31127904,0.31127904,0.3083750919460668
48_Excelitas_Silicon_APD,Opt_Kennedy,0.2416666666666666,0.68,0.002,0.01,0.008,3.0,100000000,33397901,0.33397901,0.3083750919460668
48_Excelitas_Silicon_APD,Dolinar,0.3125,0.68,0.002,0.01,0.008,3.0,100000000,26206212,0.26206212,0.2585080726353467
48_Excelitas_Silicon_APD,Opt_Kennedy,0.3125,0.68,0.002,0.01,0.008,3.0,100000000,28913708,0.28913708,0.2585080726353467
48_Excelitas_Silicon_APD,Dolinar,0.3833333333333333,0.68,0.002,0.01,0.008,3.0,100000000,21712199,0.21712199,0.2130020132882052
48_Excelitas_Silicon_APD,Opt_Kennedy,0.3833333333333333,0.68,0.002,0.01,0.008,3.0,100000000,24702696,0.24702696,0.2130020132882052
48_Excelitas_Silicon_APD,Dolinar,0.4541666666666666,0.68,0.002,0.01,0.008,3.0,100000000,17672144,0.17672144,0.1723611722221726
48_Excelitas_Silicon_APD,Opt_Kennedy,0.4541666666666666,0.68,0.002,0.01,0.008,3.0,100000000,20789492,0.20789492,0.1723611722221726
48_Excelitas_Silicon_APD,Dolinar,0.525,0.68,0.002,0.01,0.008,3.0,100000000,14137425,0.14137425,0.1368568753113511
48_Excelitas_Silicon_APD,Opt_Kennedy,0.525,0.68,0.002,0.01,0.008,3.0,100000000,17246347,0.17246347,0.1368568753113511
48_Excelitas_Silicon_APD,Dolinar,0.5958333333333333,0.68,0.002,0.01,0.008,3.0,100000000,11107276,0.11107276,0.106533577901889
48_Excelitas_Silicon_APD,Opt_Kennedy,0.5958333333333333,0.68,0.002,0.01,0.008,3.0,100000000,14056344,0.14056344,0.106533577901889
48_Excelitas_Silicon_APD,Dolinar,0.6666666666666666,0.68,0.002,0.01,0.008,3.0,100000000,8566220,0.0856622,0.0812306105626133
48_Excelitas_Silicon_APD,Opt_Kennedy,0.6666666666666666,0.68,0.002,0.01,0.008,3.0,100000000,11257821,0.11257821,0.0812306105626133
48_Excelitas_Silicon_APD,Dolinar,0.7374999999999999,0.68,0.002,0.01,0.008,3.0,100000000,6481410,0.0648141,0.0606165164953291
48_Excelitas_Silicon_APD,Opt_Kennedy,0.7374999999999999,0.68,0.002,0.01,0.008,3.0,100000000,8841684,0.08841684,0.0606165164953291
48_Excelitas_Silicon_APD,Dolinar,0.8083333333333332,0.68,0.002,0.01,0.008,3.0,100000000,4818645,0.04818645,0.0442318574553385
48_Excelitas_Silicon_APD,Opt_Kennedy,0.8083333333333332,0.68,0.002,0.01,0.008,3.0,100000000,6810014,0.06810014,0.0442318574553385
48_Excelitas_Silicon_APD,Dolinar,0.8791666666666667,0.68,0.002,0.01,0.008,3.0,100000000,3519619,0.03519619,0.0315358233093608
48_Excelitas_Silicon_APD,Opt_Kennedy,0.8791666666666667,0.68,0.002,0.01,0.008,3.0,100000000,5141787,0.05141787,0.0315358233093608
48_Excelitas_Silicon_APD,Dolinar,0.95,0.68,0.002,0.01,0.008,3.0,100000000,2533654,0.02533654,0.0219519819614439
48_Excelitas_Silicon_APD,Opt_Kennedy,0.95,0.68,0.002,0.01,0.008,3.0,100000000,3794704,0.03794704,0.0219519819614439
48_Excelitas_Silicon_APD,Dolinar,1.0208333333333333,0.68,0.002,0.01,0.008,3.0,100000000,1796634,0.01796634,0.0149090488631394
48_Excelitas_Silicon_APD,Opt_Kennedy,1.0208333333333333,0.68,0.002,0.01,0.008,3.0,100000000,2751293,0.02751293,0.0149090488631394
48_Excelitas_Silicon_APD,Dolinar,1.0916666666666668,0.68,0.002,0.01,0.008,3.0,100000000,1266670,0.0126667,0.0098735684282725
48_Excelitas_Silicon_APD,Opt_Kennedy,1.0916666666666668,0.68,0.002,0.01,0.008,3.0,100000000,1967518,0.01967518,0.0098735684282725
48_Excelitas_Silicon_APD,Dolinar,1.1625,0.68,0.002,0.01,0.008,3.0,100000000,893809,0.00893809,0.0063727369987341
48_Excelitas_Silicon_APD,Opt_Kennedy,1.1625,0.68,0.002,0.01,0.008,3.0,100000000,1395122,0.01395122,0.0063727369987341
48_Excelitas_Silicon_APD,Dolinar,1.2333333333333334,0.68,0.002,0.01,0.008,3.0,100000000,635608,0.00635608,0.0040070439073626
48_Excelitas_Silicon_APD,Opt_Kennedy,1.2333333333333334,0.68,0.002,0.01,0.008,3.0,100000000,996323,0.00996323,0.0040070439073626
48_Excelitas_Silicon_APD,Dolinar,1.3041666666666667,0.68,0.002,0.01,0.008,3.0,100000000,463849,0.00463849,0.0024537163692053
48_Excelitas_Silicon_APD,Opt_Kennedy,1.3041666666666667,0.68,0.002,0.01,0.008,3.0,100000000,730955,0.00730955,0.0024537163692053
48_Excelitas_Silicon_APD,Dolinar,1.375,0.68,0.002,0.01,0.008,3.0,100000000,352701,0.00352701,0.0014629060388504
48_Excelitas_Silicon_APD,Opt_Kennedy,1.375,0.68,0.002,0.01,0.008,3.0,100000000,562238,0.00562238,0.0014629060388504
48_Excelitas_Silicon_APD,Dolinar,1.4458333333333333,0.68,0.002,0.01,0.008,3.0,100000000,281245,0.00281245,0.0008490219363523
48_Excelitas_Silicon_APD,Opt_Kennedy,1.4458333333333333,0.68,0.002,0.01,0.008,3.0,100000000,460774,0.00460774,0.0008490219363523
48_Excelitas_Silicon_APD,Dolinar,1.5166666666666666,0.68,0.002,0.01,0.008,3.0,100000000,236805,0.00236805,0.00047959421001
48_Excelitas_Silicon_APD,Opt_Kennedy,1.5166666666666666,0.68,0.002,0.01,0.008,3.0,100000000,409616,0.00409616,0.00047959421001
48_Excelitas_Silicon_APD,Dolinar,1.5875,0.68,0.002,0.01,0.008,3.0,100000000,209851,0.00209851,0.0002636585487738
48_Excelitas_Silicon_APD,Opt_Kennedy,1.5875,0.68,0.002,0.01,0.008,3.0,100000000,385959,0.00385959,0.0002636585487738
48_Excelitas_Silicon_APD,Dolinar,1.6583333333333334,0.68,0.002,0.01,0.008,3.0,100000000,194503,0.00194503,0.0001410576081692
48_Excelitas_Silicon_APD,Opt_Kennedy,1.6583333333333334,0.68,0.002,0.01,0.008,3.0,100000000,381973,0.00381973,0.0001410576081692
48_Excelitas_Silicon_APD,Dolinar,1.7291666666666667,0.68,0.002,0.01,0.008,3.0,100000000,184330,0.0018433,7.343806628218319e-05
48_Excelitas_Silicon_APD,Opt_Kennedy,1.7291666666666667,0.68,0.002,0.01,0.008,3.0,100000000,389913,0.00389913,7.343806628218319e-05
48_Excelitas_Silicon_APD,Dolinar,1.8,0.68,0.002,0.01,0.008,3.0,100000000,179807,0.00179807,3.7205381058114106e-05
48_Excelitas_Silicon_APD,Opt_Kennedy,1.8,0.68,0.002,0.01,0.008,3.0,100000000,404842,0.00404842,3.7205381058114106e-05
